disclosure_year,disclosure_date,transaction_date,owner,ticker,asset_description,type,amount,representative,district,ptr_link,cap_gains_over_200_usd
2021,03/23/2021,2021-03-11,self,NVDA,NVIDIA Corporation,purchase,"$1,001 - $15,000",Hon. Alan S. Lowenthal,CA47,https://disclosures-clerk.house.gov/public_disc/ptr-pdfs/2021/20018453.pdf,False
2021,02/25/2021,2021-01-15,self,FB,Facebook Inc,purchase,"$100,001 - $250,000",Hon. Michael T. McCaul,TX10,https://disclosures-clerk.house.gov/public_disc/ptr-pdfs/2021/8217869.pdf,False
2021,02/25/2021,2021-01-15,dependent,FB,Facebook Inc,purchase,"$100,001 - $250,000",Hon. Michael T. McCaul,TX10,https://disclosures-clerk.house.gov/public_disc/ptr-pdfs/2021/8217869.pdf,False
2022,02/18/2022,2022-01-25,joint,MSFT,Microsoft Corporation - Call Options $145 strike Expire 09/16/2022,purchase,"$50,001 - $100,000",Hon. Josh Gottheimer,NJ05,https://disclosures-clerk.house.gov/public_disc/ptr-pdfs/2022/20020393.pdf,False
2022,02/18/2022,2022-01-26,joint,NVDA,NVIDIA Corporation,sale_partial,"$1,001 - $15,000",Hon. Josh Gottheimer,NJ05,https://disclosures-clerk.house.gov/public_disc/ptr-pdfs/2022/20020393.pdf,False
2022,02/18/2022,2022-01-31,joint,NVDA,NVIDIA Corporation,sale_partial,"$1,001 - $15,000",Hon. Josh Gottheimer,NJ05,https://disclosures-clerk.house.gov/public_disc/ptr-pdfs/2022/20020393.pdf,False
2022,02/18/2022,2022-01-26,joint,TSLA,Tesla Inc,sale_partial,"$1,001 - $15,000",Hon. Josh Gottheimer,NJ05,https://disclosures-clerk.house.gov/public_disc/ptr-pdfs/2022/20020393.pdf,False
2022,02/18/2022,2022-01-31,joint,TSLA,Tesla Inc,sale_partial,"$1,001 - $15,000",Hon. Josh Gottheimer,NJ05,https://disclosures-clerk.house.gov/public_disc/ptr-pdfs/2022/20020393.pdf,False
2020,09/03/2020,2020-08-07,self,FB,"Facebook, Inc. - Class A",sale_full,"$1,000,001 - $5,000,000",Hon. Nancy Pelosi,CA12,https://disclosures-clerk.house.gov/public_disc/ptr-pdfs/2020/20017123.pdf,False
2021,09/08/2021,2021-08-30,,MSFT,Microsoft Corporation,sale_full,"$15,001 - $50,000",Hon. Kurt Schrader,OR05,https://disclosures-clerk.house.gov/public_disc/ptr-pdfs/2021/8218328.pdf,False
2021,09/08/2021,2021-08-11,,MSFT,Microsoft Corporation,sale_full,"$1,001 - $15,000",Hon. Kurt Schrader,OR05,https://disclosures-clerk.house.gov/public_disc/ptr-pdfs/2021/8218328.pdf,False
2021,09/08/2021,2021-08-11,,AAPL,Apple Inc,sale_full,"$1,001 - $15,000",Hon. Kurt Schrader,OR05,https://disclosures-clerk.house.gov/public_disc/ptr-pdfs/2021/8218328.pdf,False
2021,07/15/2021,2021-06-22,joint,MSFT,Microsoft Corporation,purchase,"$50,001 - $100,000",Hon. Josh Gottheimer,NJ05,https://disclosures-clerk.house.gov/public_disc/ptr-pdfs/2021/20019076.pdf,False
2021,07/15/2021,2021-06-22,joint,MSFT,Microsoft Corporation,sale_full,"$15,001 - $50,000",Hon. Josh Gottheimer,NJ05,https://disclosures-clerk.house.gov/public_disc/ptr-pdfs/2021/20019076.pdf,False
2021,07/15/2021,2021-06-22,joint,MSFT,Microsoft Corporation,sale_full,"$15,001 - $50,000",Hon. Josh Gottheimer,NJ05,https://disclosures-clerk.house.gov/public_disc/ptr-pdfs/2021/20019076.pdf,False
2021,07/15/2021,2021-06-04,joint,TSLA,Tesla Inc,sale_partial,"$1,001 - $15,000",Hon. Josh Gottheimer,NJ05,https://disclosures-clerk.house.gov/public_disc/ptr-pdfs/2021/20019076.pdf,False
2021,04/16/2021,2021-03-24,dependent,NVDA,Nvidia Corporation,purchase,"$1,001 - $15,000",Hon. Rohit Khanna,CA17,https://disclosures-clerk.house.gov/public_disc/ptr-pdfs/2021/8217938.pdf,False
2021,04/16/2021,2021-03-24,dependent,NVDA,Nvidia Corp,purchase,"$1,001 - $15,000",Hon. Rohit Khanna,CA17,https://disclosures-clerk.house.gov/public_disc/ptr-pdfs/2021/8217938.pdf,False
2021,04/16/2021,2021-03-08,self,FB,Facebook Class A,purchase,"$1,001 - $15,000",Hon. Rohit Khanna,CA17,https://disclosures-clerk.house.gov/public_disc/ptr-pdfs/2021/8217938.pdf,False
2020,06/15/2020,2020-05-13,,FB,"Facebook, Inc. - Class A",purchase,"$1,001 - $15,000",Hon. Dean Phillips,MN03,https://disclosures-clerk.house.gov/public_disc/ptr-pdfs/2020/20016759.pdf,False
2020,03/10/2020,2020-02-25,self,RUN,Sunrun Inc.,sale_partial,"$1,001 -",Hon. Alan S. Lowenthal,CA47,https://disclosures-clerk.house.gov/public_disc/ptr-pdfs/2020/20016214.pdf,False
2020,03/10/2020,2020-02-26,self,RUN,Sunrun Inc.,sale_partial,"$1,001 -",Hon. Alan S. Lowenthal,CA47,https://disclosures-clerk.house.gov/public_disc/ptr-pdfs/2020/20016214.pdf,False
2020,03/10/2020,2020-02-27,self,RUN,Sunrun Inc.,sale_partial,"$1,001 -",Hon. Alan S. Lowenthal,CA47,https://disclosures-clerk.house.gov/public_disc/ptr-pdfs/2020/20016214.pdf,False
2021,04/04/2021,2021-03-23,joint,NVDA,NVIDIA Corporation,purchase,"$1,001 - $15,000",Hon. Alan S. Lowenthal,CA47,https://disclosures-clerk.house.gov/public_disc/ptr-pdfs/2021/20018514.pdf,False
2020,10/28/2020,2020-10-13,self,RUN,Sunrun Inc.,purchase,"$1,001 - $15,000",Hon. Alan S. Lowenthal,CA47,https://disclosures-clerk.house.gov/public_disc/ptr-pdfs/2020/20017590.pdf,False
2020,08/03/2020,2020-07-13,self,RUN,Sunrun Inc.,sale_partial,"$1,001 -",Hon. Alan S. Lowenthal,CA47,https://disclosures-clerk.house.gov/public_disc/ptr-pdfs/2020/20017073.pdf,False
2020,08/03/2020,2020-07-13,self,RUN,Sunrun Inc.,sale_partial,"$1,001 -",Hon. Alan S. Lowenthal,CA47,https://disclosures-clerk.house.gov/public_disc/ptr-pdfs/2020/20017073.pdf,False
2020,08/03/2020,2020-07-13,self,RUN,Sunrun Inc.,sale_partial,"$1,001 -",Hon. Alan S. Lowenthal,CA47,https://disclosures-clerk.house.gov/public_disc/ptr-pdfs/2020/20017073.pdf,False
2020,08/03/2020,2020-07-13,self,RUN,Sunrun Inc.,sale_partial,"$1,001 -",Hon. Alan S. Lowenthal,CA47,https://disclosures-clerk.house.gov/public_disc/ptr-pdfs/2020/20017073.pdf,False
2020,08/03/2020,2020-07-13,self,RUN,Sunrun Inc.,sale_partial,"$1,001 -",Hon. Alan S. Lowenthal,CA47,https://disclosures-clerk.house.gov/public_disc/ptr-pdfs/2020/20017073.pdf,False
2020,08/03/2020,2020-07-13,self,RUN,Sunrun Inc.,sale_partial,"$1,001 -",Hon. Alan S. Lowenthal,CA47,https://disclosures-clerk.house.gov/public_disc/ptr-pdfs/2020/20017073.pdf,False
2020,08/03/2020,2020-07-13,self,RUN,Sunrun Inc.,sale_partial,"$1,001 -",Hon. Alan S. Lowenthal,CA47,https://disclosures-clerk.house.gov/public_disc/ptr-pdfs/2020/20017073.pdf,False
2020,08/03/2020,2020-07-13,self,RUN,Sunrun Inc.,sale_partial,"$1,001 -",Hon. Alan S. Lowenthal,CA47,https://disclosures-clerk.house.gov/public_disc/ptr-pdfs/2020/20017073.pdf,False
2020,08/03/2020,2020-07-13,self,RUN,Sunrun Inc.,sale_partial,"$1,001 - $15,000",Hon. Alan S. Lowenthal,CA47,https://disclosures-clerk.house.gov/public_disc/ptr-pdfs/2020/20017076.pdf,False
2020,08/03/2020,2020-07-13,self,RUN,Sunrun Inc.,sale_partial,"$1,001 - $15,000",Hon. Alan S. Lowenthal,CA47,https://disclosures-clerk.house.gov/public_disc/ptr-pdfs/2020/20017076.pdf,False
2020,08/03/2020,2020-07-13,self,RUN,Sunrun Inc.,sale_partial,"$1,001 - $15,000",Hon. Alan S. Lowenthal,CA47,https://disclosures-clerk.house.gov/public_disc/ptr-pdfs/2020/20017076.pdf,False
2020,08/03/2020,2020-07-13,self,RUN,Sunrun Inc.,sale_partial,"$1,001 - $15,000",Hon. Alan S. Lowenthal,CA47,https://disclosures-clerk.house.gov/public_disc/ptr-pdfs/2020/20017076.pdf,False
2020,08/03/2020,2020-07-13,self,RUN,Sunrun Inc.,sale_partial,"$1,001 - $15,000",Hon. Alan S. Lowenthal,CA47,https://disclosures-clerk.house.gov/public_disc/ptr-pdfs/2020/20017076.pdf,False
2020,08/03/2020,2020-07-13,self,RUN,Sunrun Inc.,sale_partial,"$1,001 - $15,000",Hon. Alan S. Lowenthal,CA47,https://disclosures-clerk.house.gov/public_disc/ptr-pdfs/2020/20017076.pdf,False
2020,08/03/2020,2020-07-13,self,RUN,Sunrun Inc.,sale_partial,"$1,001 - $15,000",Hon. Alan S. Lowenthal,CA47,https://disclosures-clerk.house.gov/public_disc/ptr-pdfs/2020/20017076.pdf,False
2020,08/03/2020,2020-07-13,self,RUN,Sunrun Inc.,sale_partial,"$1,001 - $15,000",Hon. Alan S. Lowenthal,CA47,https://disclosures-clerk.house.gov/public_disc/ptr-pdfs/2020/20017076.pdf,False
2022,03/18/2022,2022-02-07,joint,FB,"Meta Platforms Inc, Class A",sale_partial,"$1,001 - $15,000",Hon. Josh Gottheimer,NJ05,https://disclosures-clerk.house.gov/public_disc/ptr-pdfs/2022/20020573.pdf,False
2022,03/18/2022,2022-02-10,joint,MSFT,Microsoft Corporation - Call Option Strike $160 - expiry 1/20/2023,sale_full,"$500,001 - $1,000,000",Hon. Josh Gottheimer,NJ05,https://disclosures-clerk.house.gov/public_disc/ptr-pdfs/2022/20020573.pdf,False
2022,03/18/2022,2022-02-10,joint,MSFT,Microsoft Corporation - Call Option Strike $155 - expiry 1/20/2023,sale_full,"$250,001 - $500,000",Hon. Josh Gottheimer,NJ05,https://disclosures-clerk.house.gov/public_disc/ptr-pdfs/2022/20020573.pdf,False
2022,03/18/2022,2022-02-10,joint,MSFT,Microsoft Corporation - Call Option Strike $150 - expiry 1/20/2023,sale_full,"$1,000,001 - $5,000,000",Hon. Josh Gottheimer,NJ05,https://disclosures-clerk.house.gov/public_disc/ptr-pdfs/2022/20020573.pdf,False
2022,03/18/2022,2022-02-10,joint,MSFT,Microsoft Corporation - Call Option Strike $145 - expiry 1/20/2023,sale_full,"$250,001 - $500,000",Hon. Josh Gottheimer,NJ05,https://disclosures-clerk.house.gov/public_disc/ptr-pdfs/2022/20020573.pdf,False
2022,03/18/2022,2022-02-10,joint,MSFT,Microsoft Corporation - Call Option Strike $160 - expiry 9/16/2022,purchase,"$500,001 - $1,000,000",Hon. Josh Gottheimer,NJ05,https://disclosures-clerk.house.gov/public_disc/ptr-pdfs/2022/20020573.pdf,False
2022,03/18/2022,2022-02-10,joint,MSFT,Microsoft Corporation - Call Option Strike $150 - expiry 9/16/2022,purchase,"$1,000,001 - $5,000,000",Hon. Josh Gottheimer,NJ05,https://disclosures-clerk.house.gov/public_disc/ptr-pdfs/2022/20020573.pdf,False
2022,03/18/2022,2022-02-10,joint,MSFT,Microsoft Corporation - Call Option Strike $145 - expiry 9/16/2022,purchase,"$500,001 - $1,000,000",Hon. Josh Gottheimer,NJ05,https://disclosures-clerk.house.gov/public_disc/ptr-pdfs/2022/20020573.pdf,False
2022,03/18/2022,2022-02-07,joint,TSLA,Tesla Inc,purchase,"$1,001 - $15,000",Hon. Josh Gottheimer,NJ05,https://disclosures-clerk.house.gov/public_disc/ptr-pdfs/2022/20020573.pdf,False
2020,09/11/2020,2020-08-10,,FB,"Facebook, Inc. - Class A",purchase,"$1,001 - $15,000",Hon. Dean Phillips,MN03,https://disclosures-clerk.house.gov/public_disc/ptr-pdfs/2020/20017340.pdf,False
2020,09/11/2020,2020-08-10,,NTAP,"NetApp, Inc.",purchase,"$1,001 - $15,000",Hon. Dean Phillips,MN03,https://disclosures-clerk.house.gov/public_disc/ptr-pdfs/2020/20017340.pdf,False
2020,05/09/2020,2020-04-27,joint,AMZN,"Amazon.com, Inc.",sale_full,"$1,001 - $15,000",Hon. Donald Sternoff Beyer,VA08,https://disclosures-clerk.house.gov/public_disc/ptr-pdfs/2020/20016572.pdf,False
2020,05/09/2020,2020-04-27,joint,AAPL,Apple Inc.,sale_full,"$1,001 - $15,000",Hon. Donald Sternoff Beyer,VA08,https://disclosures-clerk.house.gov/public_disc/ptr-pdfs/2020/20016572.pdf,False
2020,05/09/2020,2020-04-20,joint,MSFT,Microsoft Corporation,sale_full,"$1,001 - $15,000",Hon. Donald Sternoff Beyer,VA08,https://disclosures-clerk.house.gov/public_disc/ptr-pdfs/2020/20016572.pdf,False
2020,05/09/2020,2020-04-27,joint,MSFT,Microsoft Corporation,sale_full,"$1,001 - $15,000",Hon. Donald Sternoff Beyer,VA08,https://disclosures-clerk.house.gov/public_disc/ptr-pdfs/2020/20016572.pdf,False
2021,01/15/2021,2020-12-10,joint,MSFT,Microsoft Corporation,purchase,"$1,001 - $15,000",Hon. Kevin Hern,OK01,https://disclosures-clerk.house.gov/public_disc/ptr-pdfs/2021/20018029.pdf,False
2021,03/10/2021,2021-02-25,joint,MSFT,Microsoft Corporation,sale_partial,"$1,001 - $15,000",Hon. Josh Gottheimer,NJ05,https://disclosures-clerk.house.gov/public_disc/ptr-pdfs/2021/20018333.pdf,False
2021,03/10/2021,2021-02-12,joint,MSFT,Microsoft Corporation,purchase,"$15,001 - $50,000",Hon. Josh Gottheimer,NJ05,https://disclosures-clerk.house.gov/public_disc/ptr-pdfs/2021/20018333.pdf,False
2021,03/10/2021,2021-02-12,joint,MSFT,Microsoft Corporation,sale_full,"$1,000,001 - $5,000,000",Hon. Josh Gottheimer,NJ05,https://disclosures-clerk.house.gov/public_disc/ptr-pdfs/2021/20018333.pdf,False
2021,03/10/2021,2021-02-12,joint,MSFT,Microsoft Corporation,sale_full,"$250,001 - $500,000",Hon. Josh Gottheimer,NJ05,https://disclosures-clerk.house.gov/public_disc/ptr-pdfs/2021/20018333.pdf,False
2021,03/10/2021,2021-02-12,joint,MSFT,Microsoft Corporation,sale_full,"$1,001 - $15,000",Hon. Josh Gottheimer,NJ05,https://disclosures-clerk.house.gov/public_disc/ptr-pdfs/2021/20018333.pdf,False
2021,03/10/2021,2021-02-12,joint,MSFT,Microsoft Corporation,sale_full,"$1,000,001 - $5,000,000",Hon. Josh Gottheimer,NJ05,https://disclosures-clerk.house.gov/public_disc/ptr-pdfs/2021/20018333.pdf,False
2021,03/10/2021,2021-02-12,joint,MSFT,Microsoft Corporation,purchase,"$1,000,001 - $5,000,000",Hon. Josh Gottheimer,NJ05,https://disclosures-clerk.house.gov/public_disc/ptr-pdfs/2021/20018333.pdf,False
2021,03/10/2021,2021-02-12,joint,MSFT,Microsoft Corporation,purchase,"$1,000,001 - $5,000,000",Hon. Josh Gottheimer,NJ05,https://disclosures-clerk.house.gov/public_disc/ptr-pdfs/2021/20018333.pdf,False
2021,03/10/2021,2021-02-12,joint,MSFT,Microsoft Corporation,purchase,"$250,001 - $500,000",Hon. Josh Gottheimer,NJ05,https://disclosures-clerk.house.gov/public_disc/ptr-pdfs/2021/20018333.pdf,False
2021,03/10/2021,2021-02-12,joint,MSFT,Microsoft Corporation,sale_partial,"$15,001 - $50,000",Hon. Josh Gottheimer,NJ05,https://disclosures-clerk.house.gov/public_disc/ptr-pdfs/2021/20018333.pdf,False
2021,07/13/2021,2021-06-18,self,NVDA,Nvidia Corporation,sale_partial,"$1,001 - $15,000",Hon. Rohit Khanna,CA17,https://disclosures-clerk.house.gov/public_disc/ptr-pdfs/2021/8218147.pdf,False
2021,07/13/2021,2021-06-22,self,NVDA,Nvida Corporation,sale_partial,"$1,001 - $15,000",Hon. Rohit Khanna,CA17,https://disclosures-clerk.house.gov/public_disc/ptr-pdfs/2021/8218147.pdf,False
2021,12/13/2021,2021-11-15,joint,MSFT,"Microsoft Corporation - Call option, strike of $150 expires 3/18/2022",purchase,"$5,000,001 - $25,000,000",Hon. Josh Gottheimer,NJ05,https://disclosures-clerk.house.gov/public_disc/ptr-pdfs/2021/20019961.pdf,False
2021,12/13/2021,2021-11-15,joint,MSFT,"Microsoft Corporation - Call option, strike of $145 expires 3/18/2022",purchase,"$1,000,001 - $5,000,000",Hon. Josh Gottheimer,NJ05,https://disclosures-clerk.house.gov/public_disc/ptr-pdfs/2021/20019961.pdf,False
2021,12/13/2021,2021-11-15,joint,MSFT,"Microsoft Corporation - Call option, strike of $160 expires 1/21/2022",purchase,"$500,001 - $1,000,000",Hon. Josh Gottheimer,NJ05,https://disclosures-clerk.house.gov/public_disc/ptr-pdfs/2021/20019961.pdf,False
2021,12/13/2021,2021-11-15,joint,MSFT,"Microsoft Corporation - Call option, strike of $160 expires 9/16/2022",sale_full,"$500,001 - $1,000,000",Hon. Josh Gottheimer,NJ05,https://disclosures-clerk.house.gov/public_disc/ptr-pdfs/2021/20019961.pdf,False
2021,12/13/2021,2021-11-15,joint,MSFT,"Microsoft Corporation - Call option, strike of $150 expires 9/216/2022",sale_full,"$5,000,001 - $25,000,000",Hon. Josh Gottheimer,NJ05,https://disclosures-clerk.house.gov/public_disc/ptr-pdfs/2021/20019961.pdf,False
2020,10/09/2020,2020-09-23,,AMZN,"Amazon.com, Inc.",purchase,"$1,001 - $15,000",Hon. Dean Phillips,MN03,https://disclosures-clerk.house.gov/public_disc/ptr-pdfs/2020/20017490.pdf,False
2020,10/09/2020,2020-09-23,,AAPL,Apple Inc.,purchase,"$1,001 - $15,000",Hon. Dean Phillips,MN03,https://disclosures-clerk.house.gov/public_disc/ptr-pdfs/2020/20017490.pdf,False
2020,10/09/2020,2020-09-23,,FB,"Facebook, Inc. - Class A",purchase,"$1,001 - $15,000",Hon. Dean Phillips,MN03,https://disclosures-clerk.house.gov/public_disc/ptr-pdfs/2020/20017490.pdf,False
2020,03/16/2020,2020-02-26,,AMZN,"Amazon.com, Inc.",purchase,"$15,001 - $50,000",Hon. Josh Gottheimer,NJ05,https://disclosures-clerk.house.gov/public_disc/ptr-pdfs/2020/20016181.pdf,False
2020,03/16/2020,2020-02-26,,AAPL,Apple Inc.,purchase,"$15,001 - $50,000",Hon. Josh Gottheimer,NJ05,https://disclosures-clerk.house.gov/public_disc/ptr-pdfs/2020/20016181.pdf,False
2020,03/16/2020,2020-02-03,joint,AAPL,Apple Inc.,sale_partial,"$1,001 - $15,000",Hon. Josh Gottheimer,NJ05,https://disclosures-clerk.house.gov/public_disc/ptr-pdfs/2020/20016181.pdf,False
2020,03/16/2020,2020-02-13,joint,MSFT,Microsoft Corporation,purchase,"$50,001 - $100,000",Hon. Josh Gottheimer,NJ05,https://disclosures-clerk.house.gov/public_disc/ptr-pdfs/2020/20016181.pdf,False
2020,03/16/2020,2020-02-13,joint,MSFT,Microsoft Corporation,purchase,"$100,001 - $250,000",Hon. Josh Gottheimer,NJ05,https://disclosures-clerk.house.gov/public_disc/ptr-pdfs/2020/20016181.pdf,False
2020,03/16/2020,2020-02-13,joint,MSFT,Microsoft Corporation,purchase,"$250,001 - $500,000",Hon. Josh Gottheimer,NJ05,https://disclosures-clerk.house.gov/public_disc/ptr-pdfs/2020/20016181.pdf,False
2020,03/16/2020,2020-02-13,joint,MSFT,Microsoft Corporation,sale_full,"$50,001 - $100,000",Hon. Josh Gottheimer,NJ05,https://disclosures-clerk.house.gov/public_disc/ptr-pdfs/2020/20016181.pdf,False
2020,03/16/2020,2020-02-13,joint,MSFT,Microsoft Corporation,sale_full,"$250,001 - $500,000",Hon. Josh Gottheimer,NJ05,https://disclosures-clerk.house.gov/public_disc/ptr-pdfs/2020/20016181.pdf,False
2020,03/16/2020,2020-02-13,joint,MSFT,Microsoft Corporation,sale_full,"$50,001 - $100,000",Hon. Josh Gottheimer,NJ05,https://disclosures-clerk.house.gov/public_disc/ptr-pdfs/2020/20016181.pdf,False
2020,03/16/2020,2020-02-13,joint,MSFT,Microsoft Corporation,purchase,"$50,001 - $100,000",Hon. Josh Gottheimer,NJ05,https://disclosures-clerk.house.gov/public_disc/ptr-pdfs/2020/20016181.pdf,False
2020,03/16/2020,2020-02-13,joint,MSFT,Microsoft Corporation,purchase,"$250,001 - $500,000",Hon. Josh Gottheimer,NJ05,https://disclosures-clerk.house.gov/public_disc/ptr-pdfs/2020/20016181.pdf,False
2020,03/16/2020,2020-02-13,joint,MSFT,Microsoft Corporation,sale_full,"$100,001 - $250,000",Hon. Josh Gottheimer,NJ05,https://disclosures-clerk.house.gov/public_disc/ptr-pdfs/2020/20016181.pdf,False
2020,03/16/2020,2020-02-13,joint,MSFT,Microsoft Corporation,sale_full,"$100,001 - $250,000",Hon. Josh Gottheimer,NJ05,https://disclosures-clerk.house.gov/public_disc/ptr-pdfs/2020/20016181.pdf,False
2020,03/16/2020,2020-02-13,joint,MSFT,Microsoft Corporation,sale_full,"$100,001 - $250,000",Hon. Josh Gottheimer,NJ05,https://disclosures-clerk.house.gov/public_disc/ptr-pdfs/2020/20016181.pdf,False
2020,03/16/2020,2020-02-13,joint,MSFT,Microsoft Corporation,sale_full,"$250,001 - $500,000",Hon. Josh Gottheimer,NJ05,https://disclosures-clerk.house.gov/public_disc/ptr-pdfs/2020/20016181.pdf,False
2020,03/16/2020,2020-02-13,joint,MSFT,Microsoft Corporation,purchase,"$100,001 - $250,000",Hon. Josh Gottheimer,NJ05,https://disclosures-clerk.house.gov/public_disc/ptr-pdfs/2020/20016181.pdf,False
2020,03/16/2020,2020-02-13,joint,MSFT,Microsoft Corporation,purchase,"$100,001 - $250,000",Hon. Josh Gottheimer,NJ05,https://disclosures-clerk.house.gov/public_disc/ptr-pdfs/2020/20016181.pdf,False
2020,03/16/2020,2020-02-13,joint,MSFT,Microsoft Corporation,purchase,"$250,001 - $500,000",Hon. Josh Gottheimer,NJ05,https://disclosures-clerk.house.gov/public_disc/ptr-pdfs/2020/20016181.pdf,False
2020,03/16/2020,2020-02-13,joint,MSFT,Microsoft Corporation,purchase,"$100,001 - $250,000",Hon. Josh Gottheimer,NJ05,https://disclosures-clerk.house.gov/public_disc/ptr-pdfs/2020/20016181.pdf,False
2020,03/16/2020,2020-02-13,joint,MSFT,Microsoft Corporation,sale_full,"$100,001 - $250,000",Hon. Josh Gottheimer,NJ05,https://disclosures-clerk.house.gov/public_disc/ptr-pdfs/2020/20016181.pdf,False
2020,03/16/2020,2020-02-13,joint,MSFT,Microsoft Corporation,sale_full,"$100,001 - $250,000",Hon. Josh Gottheimer,NJ05,https://disclosures-clerk.house.gov/public_disc/ptr-pdfs/2020/20016181.pdf,False
2020,03/16/2020,2020-02-26,,MSFT,Microsoft Corporation,purchase,"$15,001 - $50,000",Hon. Josh Gottheimer,NJ05,https://disclosures-clerk.house.gov/public_disc/ptr-pdfs/2020/20016181.pdf,False
2020,03/16/2020,2020-02-28,joint,NVDA,NVIDIA Corporation,purchase,"$1,001 - $15,000",Hon. Josh Gottheimer,NJ05,https://disclosures-clerk.house.gov/public_disc/ptr-pdfs/2020/20016181.pdf,False
2020,01/13/2020,2020-01-02,self,AAPL,Apple Inc.,sale_partial,"$1,001 - $15,000",Hon. Alan S. Lowenthal,CA47,https://disclosures-clerk.house.gov/public_disc/ptr-pdfs/2020/20013914.pdf,False
2020,01/13/2020,2020-01-02,self,AAPL,Apple Inc.,sale_partial,"$1,001 -",Hon. Alan S. Lowenthal,CA47,https://disclosures-clerk.house.gov/public_disc/ptr-pdfs/2020/20013915.pdf,False
2020,02/10/2020,2020-01-29,joint,AAPL,Apple Inc.,purchase,"$1,001 - $15,000",Hon. Josh Gottheimer,NJ05,https://disclosures-clerk.house.gov/public_disc/ptr-pdfs/2020/20015007.pdf,False
2020,02/10/2020,2020-01-14,joint,AAPL,Apple Inc.,purchase,"$1,001 - $15,000",Hon. Josh Gottheimer,NJ05,https://disclosures-clerk.house.gov/public_disc/ptr-pdfs/2020/20015007.pdf,False
2020,02/10/2020,2020-01-16,joint,MSFT,Microsoft Corporation,sale_partial,"$1,001 - $15,000",Hon. Josh Gottheimer,NJ05,https://disclosures-clerk.house.gov/public_disc/ptr-pdfs/2020/20015007.pdf,True
2020,02/10/2020,2020-01-09,joint,MSFT,Microsoft Corporation,sale_full,"$1,001 - $15,000",Hon. Josh Gottheimer,NJ05,https://disclosures-clerk.house.gov/public_disc/ptr-pdfs/2020/20015007.pdf,False
2020,02/10/2020,2020-01-09,joint,MSFT,Microsoft Corporation,sale_partial,"$1,001 - $15,000",Hon. Josh Gottheimer,NJ05,https://disclosures-clerk.house.gov/public_disc/ptr-pdfs/2020/20015007.pdf,True
2021,04/09/2021,2021-03-11,joint,MSFT,Microsoft Corporation,purchase,"$1,001 - $15,000",Hon. Kevin Hern,OK01,https://disclosures-clerk.house.gov/public_disc/ptr-pdfs/2021/20018550.pdf,False
2021,04/09/2021,2021-03-19,self,MSFT,Microsoft Corporation - Exercised 150 call options (15K shares) expiring 3/19/2021 @ $130,purchase,"$1,000,001 - $5,000,000",Hon. Nancy Pelosi,CA12,https://disclosures-clerk.house.gov/public_disc/ptr-pdfs/2021/20018539.pdf,False
2021,04/09/2021,2021-03-19,self,MSFT,Microsoft Corporation - Exercised 100 call options (10K shares) expiring 3/19/2021 @ $140,purchase,"$1,000,001 - $5,000,000",Hon. Nancy Pelosi,CA12,https://disclosures-clerk.house.gov/public_disc/ptr-pdfs/2021/20018539.pdf,False
2022,01/10/2022,2021-12-02,joint,FB,Meta Platforms Inc -  Class A,sale_partial,"$1,001 - $15,000",Hon. Josh Gottheimer,NJ05,https://disclosures-clerk.house.gov/public_disc/ptr-pdfs/2022/20020154.pdf,False
2022,01/10/2022,2021-12-29,joint,FB,Meta Platforms Inc -  Class A,sale_partial,"$1,001 - $15,000",Hon. Josh Gottheimer,NJ05,https://disclosures-clerk.house.gov/public_disc/ptr-pdfs/2022/20020154.pdf,False
2022,01/10/2022,2021-12-06,joint,MSFT,Microsoft Corporation,sale_partial,"$1,001 - $15,000",Hon. Josh Gottheimer,NJ05,https://disclosures-clerk.house.gov/public_disc/ptr-pdfs/2022/20020154.pdf,False
2020,04/16/2020,2020-03-18,--,MSFT,Microsoft Corporation,purchase,"$1,001 - $15,000",Hon. Gilbert Cisneros,CA39,https://disclosures-clerk.house.gov/public_disc/ptr-pdfs/2020/20016402.pdf,False
2020,04/16/2020,2020-03-30,--,NVDA,NVIDIA Corporation,sale_partial,"$1,001 - $15,000",Hon. Gilbert Cisneros,CA39,https://disclosures-clerk.house.gov/public_disc/ptr-pdfs/2020/20016402.pdf,False
2020,04/16/2020,2020-03-26,joint,AMZN,"Amazon.com, Inc.",purchase,"$100,001 - $250,000",Hon. Kevin Hern,OK01,https://disclosures-clerk.house.gov/public_disc/ptr-pdfs/2020/20016419.pdf,False
2020,04/16/2020,2020-03-26,joint,MSFT,Microsoft Corporation,purchase,"$250,001 - $500,000",Hon. Kevin Hern,OK01,https://disclosures-clerk.house.gov/public_disc/ptr-pdfs/2020/20016419.pdf,False
2020,07/15/2020,2020-06-23,self,RUN,Sunrun Inc.,sale_partial,"$1,001 -",Hon. Alan S. Lowenthal,CA47,https://disclosures-clerk.house.gov/public_disc/ptr-pdfs/2020/20016958.pdf,False
2020,07/15/2020,2020-06-23,self,RUN,Sunrun Inc.,sale_partial,"$1,001 -",Hon. Alan S. Lowenthal,CA47,https://disclosures-clerk.house.gov/public_disc/ptr-pdfs/2020/20016958.pdf,False
2020,07/15/2020,2020-07-02,self,RUN,Sunrun Inc.,sale_partial,"$1,001 - $15,000",Hon. Alan S. Lowenthal,CA47,https://disclosures-clerk.house.gov/public_disc/ptr-pdfs/2020/20016958.pdf,False
2020,07/15/2020,2020-07-02,self,RUN,Sunrun Inc.,sale_partial,"$1,001 -",Hon. Alan S. Lowenthal,CA47,https://disclosures-clerk.house.gov/public_disc/ptr-pdfs/2020/20016958.pdf,False
2020,07/15/2020,2020-07-01,self,RUN,Sunrun Inc.,sale_partial,"$1,001 - $15,000",Hon. Alan S. Lowenthal,CA47,https://disclosures-clerk.house.gov/public_disc/ptr-pdfs/2020/20016958.pdf,False
2020,07/15/2020,2020-07-01,self,RUN,Sunrun Inc.,sale_partial,"$1,001 - $15,000",Hon. Alan S. Lowenthal,CA47,https://disclosures-clerk.house.gov/public_disc/ptr-pdfs/2020/20016958.pdf,False
2020,07/15/2020,2020-06-23,self,RUN,Sunrun Inc.,sale_partial,"$1,001 -",Hon. Alan S. Lowenthal,CA47,https://disclosures-clerk.house.gov/public_disc/ptr-pdfs/2020/20016959.pdf,False
2020,07/15/2020,2020-06-23,self,RUN,Sunrun Inc.,sale_partial,"$1,001 -",Hon. Alan S. Lowenthal,CA47,https://disclosures-clerk.house.gov/public_disc/ptr-pdfs/2020/20016959.pdf,False
2020,07/15/2020,2020-07-02,self,RUN,Sunrun Inc.,sale_partial,"$1,001 -",Hon. Alan S. Lowenthal,CA47,https://disclosures-clerk.house.gov/public_disc/ptr-pdfs/2020/20016959.pdf,False
2020,07/15/2020,2020-07-01,self,RUN,Sunrun Inc.,sale_partial,"$1,001 -",Hon. Alan S. Lowenthal,CA47,https://disclosures-clerk.house.gov/public_disc/ptr-pdfs/2020/20016959.pdf,False
2020,07/15/2020,2020-07-01,self,RUN,Sunrun Inc.,sale_partial,"$1,001 -",Hon. Alan S. Lowenthal,CA47,https://disclosures-clerk.house.gov/public_disc/ptr-pdfs/2020/20016959.pdf,False
2020,07/15/2020,2020-07-01,self,RUN,Sunrun Inc.,sale_partial,"$1,001 -",Hon. Alan S. Lowenthal,CA47,https://disclosures-clerk.house.gov/public_disc/ptr-pdfs/2020/20016959.pdf,False
2021,03/09/2021,2021-02-10,,MSFT,Microsoft Corp,purchase,"$1,001 - $15,000",Hon. Kurt Schrader,OR05,https://disclosures-clerk.house.gov/public_disc/ptr-pdfs/2021/8217887.pdf,False
2022,02/07/2022,2022-01-05,,MSFT,Microsoft Corporation,sale_full,"$1,001 - $15,000",Hon. Kurt Schrader,OR05,https://disclosures-clerk.house.gov/public_disc/ptr-pdfs/2022/8218557.pdf,False
2020,07/20/2020,2020-06-11,joint,MSFT,Microsoft Corporation,purchase,"$1,001 - $15,000",Hon. Kevin Hern,OK01,https://disclosures-clerk.house.gov/public_disc/ptr-pdfs/2020/20016983.pdf,False
2020,07/20/2020,2020-06-22,self,RUN,Sunrun Inc.,sale_partial,"$1,001 -",Hon. Alan S. Lowenthal,CA47,https://disclosures-clerk.house.gov/public_disc/ptr-pdfs/2020/20016994.pdf,False
2020,07/20/2020,2020-06-22,self,RUN,Sunrun Inc.,sale_partial,"$1,001 -",Hon. Alan S. Lowenthal,CA47,https://disclosures-clerk.house.gov/public_disc/ptr-pdfs/2020/20016994.pdf,False
2020,07/20/2020,2020-07-02,self,RUN,Sunrun Inc.,sale_partial,"$1,001 - $15,000",Hon. Alan S. Lowenthal,CA47,https://disclosures-clerk.house.gov/public_disc/ptr-pdfs/2020/20016994.pdf,False
2020,07/20/2020,2020-07-02,self,RUN,Sunrun Inc.,sale_partial,"$1,001 -",Hon. Alan S. Lowenthal,CA47,https://disclosures-clerk.house.gov/public_disc/ptr-pdfs/2020/20016994.pdf,False
2020,07/20/2020,2020-07-02,self,RUN,Sunrun Inc.,sale_partial,"$1,001 - $15,000",Hon. Alan S. Lowenthal,CA47,https://disclosures-clerk.house.gov/public_disc/ptr-pdfs/2020/20016994.pdf,False
2020,07/20/2020,2020-06-22,self,RUN,Sunrun Inc.,sale_partial,"$1,001 -",Hon. Alan S. Lowenthal,CA47,https://disclosures-clerk.house.gov/public_disc/ptr-pdfs/2020/20016995.pdf,False
2020,07/20/2020,2020-06-22,self,RUN,Sunrun Inc.,sale_partial,"$1,001 -",Hon. Alan S. Lowenthal,CA47,https://disclosures-clerk.house.gov/public_disc/ptr-pdfs/2020/20016995.pdf,False
2020,07/20/2020,2020-07-02,self,RUN,Sunrun Inc.,sale_partial,"$1,001 -",Hon. Alan S. Lowenthal,CA47,https://disclosures-clerk.house.gov/public_disc/ptr-pdfs/2020/20016995.pdf,False
2020,07/20/2020,2020-07-02,self,RUN,Sunrun Inc.,sale_partial,"$1,001 -",Hon. Alan S. Lowenthal,CA47,https://disclosures-clerk.house.gov/public_disc/ptr-pdfs/2020/20016995.pdf,False
2020,07/20/2020,2020-06-18,self,AAPL,Apple Inc.,sale_full,"$1,000,001 - $5,000,000",Hon. Nancy Pelosi,CA12,https://disclosures-clerk.house.gov/public_disc/ptr-pdfs/2020/20016961.pdf,False
2020,12/15/2020,2020-11-19,,AMZN,Amazon,purchase,"$15,001 - $50,000",Hon. Gilbert Cisneros,CA39,https://disclosures-clerk.house.gov/public_disc/ptr-pdfs/2020/20017860.pdf,False
2020,12/15/2020,2020-11-19,,AAPL,Apple,purchase,"$15,001 - $50,000",Hon. Gilbert Cisneros,CA39,https://disclosures-clerk.house.gov/public_disc/ptr-pdfs/2020/20017860.pdf,False
2020,05/31/2020,2020-05-01,joint,AMZN,"Amazon.com, Inc.",sale_full,"$1,001 - $15,000",Hon. Donald Sternoff Beyer,VA08,https://disclosures-clerk.house.gov/public_disc/ptr-pdfs/2020/20016686.pdf,False
2020,05/31/2020,2020-05-01,joint,AAPL,Apple Inc.,sale_full,"$1,001 - $15,000",Hon. Donald Sternoff Beyer,VA08,https://disclosures-clerk.house.gov/public_disc/ptr-pdfs/2020/20016686.pdf,False
2020,05/31/2020,2020-05-07,joint,AAPL,Apple Inc.,sale_full,"$1,001 - $15,000",Hon. Donald Sternoff Beyer,VA08,https://disclosures-clerk.house.gov/public_disc/ptr-pdfs/2020/20016686.pdf,False
2020,05/31/2020,2020-05-01,joint,MSFT,Microsoft Corporation,sale_full,"$1,001 - $15,000",Hon. Donald Sternoff Beyer,VA08,https://disclosures-clerk.house.gov/public_disc/ptr-pdfs/2020/20016686.pdf,False
2020,05/31/2020,2020-05-01,joint,NVDA,NVIDIA Corporation,sale_full,"$1,001 - $15,000",Hon. Donald Sternoff Beyer,VA08,https://disclosures-clerk.house.gov/public_disc/ptr-pdfs/2020/20016686.pdf,False
2020,12/01/2020,2020-11-04,joint,AAPL,Apple Inc.,purchase,"$1,001 - $15,000",Hon. Donald Sternoff Beyer,VA08,https://disclosures-clerk.house.gov/public_disc/ptr-pdfs/2020/20017748.pdf,False
2020,12/01/2020,2020-11-17,joint,AAPL,Apple Inc.,purchase,"$1,001 - $15,000",Hon. Donald Sternoff Beyer,VA08,https://disclosures-clerk.house.gov/public_disc/ptr-pdfs/2020/20017748.pdf,False
2020,12/01/2020,2020-11-24,joint,MSFT,Microsoft Corporation,purchase,"$1,001 - $15,000",Hon. Donald Sternoff Beyer,VA08,https://disclosures-clerk.house.gov/public_disc/ptr-pdfs/2020/20017748.pdf,False
2020,12/01/2020,2020-11-17,joint,NVDA,NVIDIA Corporation,purchase,"$1,001 - $15,000",Hon. Donald Sternoff Beyer,VA08,https://disclosures-clerk.house.gov/public_disc/ptr-pdfs/2020/20017748.pdf,False
2020,12/01/2020,2020-11-04,joint,NVDA,NVIDIA Corporation,purchase,"$1,001 - $15,000",Hon. Donald Sternoff Beyer,VA08,https://disclosures-clerk.house.gov/public_disc/ptr-pdfs/2020/20017748.pdf,False
2021,07/14/2021,2021-06-25,joint,MSFT,Microsoft Inc,purchase,"$250,001 - $500,000",Hon. Kevin Hern,OK01,https://disclosures-clerk.house.gov/public_disc/ptr-pdfs/2021/20019089.pdf,False
2021,07/14/2021,2021-06-25,joint,MSFT,Microsoft Inc,purchase,"$100,001 - $250,000",Hon. Kevin Hern,OK01,https://disclosures-clerk.house.gov/public_disc/ptr-pdfs/2021/20019089.pdf,False
2021,07/14/2021,2021-06-10,joint,MSFT,Microsoft Inc,purchase,"$1,001 - $15,000",Hon. Kevin Hern,OK01,https://disclosures-clerk.house.gov/public_disc/ptr-pdfs/2021/20019089.pdf,False
2020,08/10/2020,2020-07-23,joint,AAPL,Apple Inc.,sale_partial,"$1,001 - $15,000",Hon. Josh Gottheimer,NJ05,https://disclosures-clerk.house.gov/public_disc/ptr-pdfs/2020/20017128.pdf,False
2020,08/10/2020,2020-07-14,joint,TSLA,"Tesla, Inc.",sale_partial,"$1,001 - $15,000",Hon. Josh Gottheimer,NJ05,https://disclosures-clerk.house.gov/public_disc/ptr-pdfs/2020/20017128.pdf,False
2020,11/05/2020,2020-10-22,joint,MSFT,Microsoft Corporation,sale_full,"$1,001 - $15,000",Hon. Donald Sternoff Beyer,VA08,https://disclosures-clerk.house.gov/public_disc/ptr-pdfs/2020/20017648.pdf,False
2020,11/05/2020,2020-10-29,,AMZN,"Amazon.com, Inc.",purchase,"$15,001 - $50,000",Hon. Gilbert Cisneros,CA39,https://disclosures-clerk.house.gov/public_disc/ptr-pdfs/2020/20017632.pdf,False
2020,11/05/2020,2020-10-29,,AAPL,Apple Inc.,purchase,"$15,001 - $50,000",Hon. Gilbert Cisneros,CA39,https://disclosures-clerk.house.gov/public_disc/ptr-pdfs/2020/20017632.pdf,False
2020,02/22/2020,2020-01-10,joint,AMZN,"Amazon.com, Inc.",purchase,"$1,001 - $15,000",Hon. Donald Sternoff Beyer,VA08,https://disclosures-clerk.house.gov/public_disc/ptr-pdfs/2020/20016099.pdf,False
2020,02/22/2020,2020-01-14,joint,AAPL,Apple Inc.,purchase,"$15,001 - $50,000",Hon. Donald Sternoff Beyer,VA08,https://disclosures-clerk.house.gov/public_disc/ptr-pdfs/2020/20016099.pdf,False
2020,02/22/2020,2020-01-28,joint,AAPL,Apple Inc.,purchase,"$1,001 - $15,000",Hon. Donald Sternoff Beyer,VA08,https://disclosures-clerk.house.gov/public_disc/ptr-pdfs/2020/20016099.pdf,False
2020,02/22/2020,2020-01-09,joint,MSFT,Microsoft Corporation,purchase,"$1,001 - $15,000",Hon. Donald Sternoff Beyer,VA08,https://disclosures-clerk.house.gov/public_disc/ptr-pdfs/2020/20016099.pdf,False
2020,02/22/2020,2020-01-24,joint,MSFT,Microsoft Corporation,purchase,"$1,001 - $15,000",Hon. Donald Sternoff Beyer,VA08,https://disclosures-clerk.house.gov/public_disc/ptr-pdfs/2020/20016099.pdf,False
2020,02/22/2020,2020-01-10,joint,NVDA,NVIDIA Corporation,purchase,"$1,001 - $15,000",Hon. Donald Sternoff Beyer,VA08,https://disclosures-clerk.house.gov/public_disc/ptr-pdfs/2020/20016099.pdf,False
2020,02/22/2020,2020-02-19,joint,AMZN,"Amazon.com, Inc.",purchase,"$1,001 - $15,000",Hon. Donald Sternoff Beyer,VA08,https://disclosures-clerk.house.gov/public_disc/ptr-pdfs/2020/20016101.pdf,False
2020,02/22/2020,2020-02-18,joint,AAPL,Apple Inc.,purchase,"$1,001 - $15,000",Hon. Donald Sternoff Beyer,VA08,https://disclosures-clerk.house.gov/public_disc/ptr-pdfs/2020/20016101.pdf,False
2020,02/22/2020,2020-02-14,joint,MSFT,Microsoft Corporation,purchase,"$1,001 - $15,000",Hon. Donald Sternoff Beyer,VA08,https://disclosures-clerk.house.gov/public_disc/ptr-pdfs/2020/20016101.pdf,False
2020,03/24/2020,2020-03-19,self,RUN,Sunrun Inc.,purchase,"$1,001 - $15,000",Hon. Alan S. Lowenthal,CA47,https://disclosures-clerk.house.gov/public_disc/ptr-pdfs/2020/20016296.pdf,False
2020,03/24/2020,2020-03-17,self,RUN,Sunrun Inc.,purchase,"$1,001 - $15,000",Hon. Alan S. Lowenthal,CA47,https://disclosures-clerk.house.gov/public_disc/ptr-pdfs/2020/20016296.pdf,False
2020,03/24/2020,2020-03-18,self,RUN,Sunrun Inc.,purchase,"$1,001 - $15,000",Hon. Alan S. Lowenthal,CA47,https://disclosures-clerk.house.gov/public_disc/ptr-pdfs/2020/20016296.pdf,False
2020,03/24/2020,2020-03-19,self,RUN,Sunrun Inc.,purchase,"$1,001 -",Hon. Alan S. Lowenthal,CA47,https://disclosures-clerk.house.gov/public_disc/ptr-pdfs/2020/20016297.pdf,False
2020,03/24/2020,2020-03-17,self,RUN,Sunrun Inc.,purchase,"$1,001 -",Hon. Alan S. Lowenthal,CA47,https://disclosures-clerk.house.gov/public_disc/ptr-pdfs/2020/20016297.pdf,False
2020,03/24/2020,2020-03-18,self,RUN,Sunrun Inc.,purchase,"$1,001 -",Hon. Alan S. Lowenthal,CA47,https://disclosures-clerk.house.gov/public_disc/ptr-pdfs/2020/20016297.pdf,False
2022,06/03/2022,2022-05-13,self,AAPL,Apple Inc - 100 Call options strike of $80 expires 3/17/23,purchase,"$500,001 - $1,000,000",Hon. Nancy Pelosi,CA12,https://disclosures-clerk.house.gov/public_disc/ptr-pdfs/2022/20021142.pdf,False
2022,06/03/2022,2022-05-24,self,AAPL,Apple Inc - 50 Call options strike of $80 expires 6/16/23,purchase,"$250,001 - $500,000",Hon. Nancy Pelosi,CA12,https://disclosures-clerk.house.gov/public_disc/ptr-pdfs/2022/20021142.pdf,False
2022,06/03/2022,2022-05-24,self,MSFT,Microsoft Corporation - 10 Call options strike of $180 expires 6/16/23,purchase,"$50,001 - $100,000",Hon. Nancy Pelosi,CA12,https://disclosures-clerk.house.gov/public_disc/ptr-pdfs/2022/20021142.pdf,False
2022,06/03/2022,2022-05-24,self,MSFT,Microsoft Corporation - 40 Call options strike of $180 expires 6/16/23,purchase,"$250,001 - $500,000",Hon. Nancy Pelosi,CA12,https://disclosures-clerk.house.gov/public_disc/ptr-pdfs/2022/20021142.pdf,False
2020,04/11/2020,2020-03-17,,AMZN,"Amazon.com, Inc.",purchase,"$15,001 - $50,000",Hon. Josh Gottheimer,NJ05,https://disclosures-clerk.house.gov/public_disc/ptr-pdfs/2020/20016373.pdf,False
2020,04/11/2020,2020-03-05,joint,AAPL,Apple Inc.,purchase,"$1,001 - $15,000",Hon. Josh Gottheimer,NJ05,https://disclosures-clerk.house.gov/public_disc/ptr-pdfs/2020/20016373.pdf,False
2020,04/11/2020,2020-03-23,joint,AAPL,Apple Inc.,purchase,"$1,001 - $15,000",Hon. Josh Gottheimer,NJ05,https://disclosures-clerk.house.gov/public_disc/ptr-pdfs/2020/20016373.pdf,False
2020,04/11/2020,2020-03-20,joint,AAPL,Apple Inc.,purchase,"$1,001 - $15,000",Hon. Josh Gottheimer,NJ05,https://disclosures-clerk.house.gov/public_disc/ptr-pdfs/2020/20016373.pdf,False
2020,04/11/2020,2020-03-17,joint,MSFT,Microsoft Corporation,purchase,"$15,001 - $50,000",Hon. Josh Gottheimer,NJ05,https://disclosures-clerk.house.gov/public_disc/ptr-pdfs/2020/20016373.pdf,False
2020,04/11/2020,2020-03-20,joint,MSFT,Microsoft Corporation,purchase,"$50,001 - $100,000",Hon. Josh Gottheimer,NJ05,https://disclosures-clerk.house.gov/public_disc/ptr-pdfs/2020/20016373.pdf,False
2020,04/11/2020,2020-03-20,joint,MSFT,Microsoft Corporation,sale_full,"$50,001 - $100,000",Hon. Josh Gottheimer,NJ05,https://disclosures-clerk.house.gov/public_disc/ptr-pdfs/2020/20016373.pdf,False
2020,04/11/2020,2020-03-20,joint,MSFT,Microsoft Corporation,purchase,"$100,001 - $250,000",Hon. Josh Gottheimer,NJ05,https://disclosures-clerk.house.gov/public_disc/ptr-pdfs/2020/20016373.pdf,False
2020,04/11/2020,2020-03-20,joint,MSFT,Microsoft Corporation,sale_full,"$50,001 - $100,000",Hon. Josh Gottheimer,NJ05,https://disclosures-clerk.house.gov/public_disc/ptr-pdfs/2020/20016373.pdf,False
2020,04/11/2020,2020-03-12,joint,MSFT,Microsoft Corporation,purchase,"$15,001 - $50,000",Hon. Josh Gottheimer,NJ05,https://disclosures-clerk.house.gov/public_disc/ptr-pdfs/2020/20016373.pdf,False
2020,04/11/2020,2020-03-12,joint,MSFT,Microsoft Corporation,purchase,"$50,001 - $100,000",Hon. Josh Gottheimer,NJ05,https://disclosures-clerk.house.gov/public_disc/ptr-pdfs/2020/20016373.pdf,False
2020,04/11/2020,2020-03-12,joint,MSFT,Microsoft Corporation,purchase,"$50,001 - $100,000",Hon. Josh Gottheimer,NJ05,https://disclosures-clerk.house.gov/public_disc/ptr-pdfs/2020/20016373.pdf,False
2020,04/11/2020,2020-03-12,joint,MSFT,Microsoft Corporation,purchase,"$50,001 - $100,000",Hon. Josh Gottheimer,NJ05,https://disclosures-clerk.house.gov/public_disc/ptr-pdfs/2020/20016373.pdf,False
2020,04/11/2020,2020-03-12,joint,MSFT,Microsoft Corporation,purchase,"$50,001 - $100,000",Hon. Josh Gottheimer,NJ05,https://disclosures-clerk.house.gov/public_disc/ptr-pdfs/2020/20016373.pdf,False
2020,04/11/2020,2020-03-12,joint,MSFT,Microsoft Corporation,purchase,"$50,001 - $100,000",Hon. Josh Gottheimer,NJ05,https://disclosures-clerk.house.gov/public_disc/ptr-pdfs/2020/20016373.pdf,False
2020,04/11/2020,2020-03-12,joint,MSFT,Microsoft Corporation,sale_full,"$50,001 - $100,000",Hon. Josh Gottheimer,NJ05,https://disclosures-clerk.house.gov/public_disc/ptr-pdfs/2020/20016373.pdf,False
2020,04/11/2020,2020-03-12,joint,MSFT,Microsoft Corporation,sale_full,"$50,001 - $100,000",Hon. Josh Gottheimer,NJ05,https://disclosures-clerk.house.gov/public_disc/ptr-pdfs/2020/20016373.pdf,False
2020,04/11/2020,2020-03-12,joint,MSFT,Microsoft Corporation,sale_full,"$50,001 - $100,000",Hon. Josh Gottheimer,NJ05,https://disclosures-clerk.house.gov/public_disc/ptr-pdfs/2020/20016373.pdf,False
2020,04/11/2020,2020-03-12,joint,MSFT,Microsoft Corporation,sale_full,"$50,001 - $100,000",Hon. Josh Gottheimer,NJ05,https://disclosures-clerk.house.gov/public_disc/ptr-pdfs/2020/20016373.pdf,False
2020,04/11/2020,2020-03-12,joint,MSFT,Microsoft Corporation,sale_full,"$50,001 - $100,000",Hon. Josh Gottheimer,NJ05,https://disclosures-clerk.house.gov/public_disc/ptr-pdfs/2020/20016373.pdf,False
2020,04/11/2020,2020-03-12,joint,MSFT,Microsoft Corporation,sale_full,"$50,001 - $100,000",Hon. Josh Gottheimer,NJ05,https://disclosures-clerk.house.gov/public_disc/ptr-pdfs/2020/20016373.pdf,False
2020,04/11/2020,2020-03-12,joint,MSFT,Microsoft Corporation,sale_full,"$50,001 - $100,000",Hon. Josh Gottheimer,NJ05,https://disclosures-clerk.house.gov/public_disc/ptr-pdfs/2020/20016373.pdf,False
2020,04/11/2020,2020-03-06,joint,MSFT,Microsoft Corporation,purchase,"$15,001 - $50,000",Hon. Josh Gottheimer,NJ05,https://disclosures-clerk.house.gov/public_disc/ptr-pdfs/2020/20016373.pdf,False
2020,04/11/2020,2020-03-06,joint,MSFT,Microsoft Corporation,purchase,"$100,001 - $250,000",Hon. Josh Gottheimer,NJ05,https://disclosures-clerk.house.gov/public_disc/ptr-pdfs/2020/20016373.pdf,False
2020,04/11/2020,2020-03-06,joint,MSFT,Microsoft Corporation,purchase,"$100,001 - $250,000",Hon. Josh Gottheimer,NJ05,https://disclosures-clerk.house.gov/public_disc/ptr-pdfs/2020/20016373.pdf,False
2020,04/11/2020,2020-03-06,joint,MSFT,Microsoft Corporation,sale_full,"$50,001 - $100,000",Hon. Josh Gottheimer,NJ05,https://disclosures-clerk.house.gov/public_disc/ptr-pdfs/2020/20016373.pdf,False
2020,04/11/2020,2020-03-06,joint,MSFT,Microsoft Corporation,sale_full,"$50,001 - $100,000",Hon. Josh Gottheimer,NJ05,https://disclosures-clerk.house.gov/public_disc/ptr-pdfs/2020/20016373.pdf,False
2020,04/11/2020,2020-03-06,joint,MSFT,Microsoft Corporation,sale_full,"$100,001 - $250,000",Hon. Josh Gottheimer,NJ05,https://disclosures-clerk.house.gov/public_disc/ptr-pdfs/2020/20016373.pdf,False
2020,04/11/2020,2020-03-06,joint,MSFT,Microsoft Corporation,purchase,"$100,001 - $250,000",Hon. Josh Gottheimer,NJ05,https://disclosures-clerk.house.gov/public_disc/ptr-pdfs/2020/20016373.pdf,False
2020,04/11/2020,2020-03-06,joint,MSFT,Microsoft Corporation,sale_full,"$50,001 - $100,000",Hon. Josh Gottheimer,NJ05,https://disclosures-clerk.house.gov/public_disc/ptr-pdfs/2020/20016373.pdf,False
2020,04/11/2020,2020-03-24,,MSFT,Microsoft Corporation,purchase,"$50,001 - $100,000",Hon. Josh Gottheimer,NJ05,https://disclosures-clerk.house.gov/public_disc/ptr-pdfs/2020/20016373.pdf,False
2020,04/11/2020,2020-03-17,,MSFT,Microsoft Corporation,purchase,"$1,001 - $15,000",Hon. Josh Gottheimer,NJ05,https://disclosures-clerk.house.gov/public_disc/ptr-pdfs/2020/20016373.pdf,False
2020,08/09/2020,2020-07-14,joint,AMZN,"Amazon.com, Inc.",sale_full,"$15,001 - $50,000",Hon. Donald Sternoff Beyer,VA08,https://disclosures-clerk.house.gov/public_disc/ptr-pdfs/2020/20017058.pdf,False
2020,08/09/2020,2020-07-14,joint,AAPL,Apple Inc.,sale_full,"$15,001 - $50,000",Hon. Donald Sternoff Beyer,VA08,https://disclosures-clerk.house.gov/public_disc/ptr-pdfs/2020/20017058.pdf,False
2020,08/09/2020,2020-07-14,joint,MSFT,Microsoft Corporation,sale_full,"$15,001 - $50,000",Hon. Donald Sternoff Beyer,VA08,https://disclosures-clerk.house.gov/public_disc/ptr-pdfs/2020/20017058.pdf,False
2020,08/09/2020,2020-07-14,joint,NVDA,NVIDIA Corporation,sale_full,"$15,001 - $50,000",Hon. Donald Sternoff Beyer,VA08,https://disclosures-clerk.house.gov/public_disc/ptr-pdfs/2020/20017058.pdf,False
2022,04/12/2022,2022-03-10,joint,MSFT,Microsoft Corporation,purchase,"$1,001 - $15,000",Hon. Kevin Hern,OK01,https://disclosures-clerk.house.gov/public_disc/ptr-pdfs/2022/20020789.pdf,False
2022,04/12/2022,2022-04-06,self,NVDA,NVIDIA Corporation,sale_partial,"$1,001 - $15,000",Hon. Alan S. Lowenthal,CA47,https://disclosures-clerk.house.gov/public_disc/ptr-pdfs/2022/20020782.pdf,False
2020,03/11/2020,2020-02-27,self,RUN,Sunrun Inc.,sale_partial,"$1,001 - $15,000",Hon. Alan S. Lowenthal,CA47,https://disclosures-clerk.house.gov/public_disc/ptr-pdfs/2020/20016229.pdf,False
2020,03/11/2020,2020-02-25,self,RUN,Sunrun Inc.,sale_partial,"$1,001 - $15,000",Hon. Alan S. Lowenthal,CA47,https://disclosures-clerk.house.gov/public_disc/ptr-pdfs/2020/20016229.pdf,False
2020,03/11/2020,2020-02-26,self,RUN,Sunrun Inc.,sale_partial,"$1,001 - $15,000",Hon. Alan S. Lowenthal,CA47,https://disclosures-clerk.house.gov/public_disc/ptr-pdfs/2020/20016229.pdf,False
2021,08/09/2021,2021-07-28,joint,AAPL,Apple Inc,sale_partial,"$1,001 - $15,000",Hon. Josh Gottheimer,NJ05,https://disclosures-clerk.house.gov/public_disc/ptr-pdfs/2021/20019257.pdf,False
2021,08/09/2021,2021-07-28,joint,NVDA,NVIDIA Corporation,sale_partial,"$1,001 - $15,000",Hon. Josh Gottheimer,NJ05,https://disclosures-clerk.house.gov/public_disc/ptr-pdfs/2021/20019257.pdf,False
2021,03/05/2021,2021-02-23,self,FB,Facebook - Class A,sale_full,"$1,001 - $15,000",Hon. Alan S. Lowenthal,CA47,https://disclosures-clerk.house.gov/public_disc/ptr-pdfs/2021/20018336.pdf,False
2020,09/04/2020,2020-08-25,self,RUN,Sunrun Inc.,sale_partial,"$1,001 - $15,000",Hon. Alan S. Lowenthal,CA47,https://disclosures-clerk.house.gov/public_disc/ptr-pdfs/2020/20017306.pdf,False
2020,09/04/2020,2020-08-26,self,RUN,Sunrun Inc.,sale_partial,"$1,001 - $15,000",Hon. Alan S. Lowenthal,CA47,https://disclosures-clerk.house.gov/public_disc/ptr-pdfs/2020/20017306.pdf,False
2020,09/04/2020,2020-08-26,self,RUN,Sunrun Inc.,sale_partial,"$1,001 - $15,000",Hon. Alan S. Lowenthal,CA47,https://disclosures-clerk.house.gov/public_disc/ptr-pdfs/2020/20017306.pdf,False
2020,09/04/2020,2020-08-25,self,RUN,Sunrun Inc.,sale_partial,"$1,001 -",Hon. Alan S. Lowenthal,CA47,https://disclosures-clerk.house.gov/public_disc/ptr-pdfs/2020/20017307.pdf,False
2020,09/04/2020,2020-08-26,self,RUN,Sunrun Inc.,sale_partial,"$1,001 -",Hon. Alan S. Lowenthal,CA47,https://disclosures-clerk.house.gov/public_disc/ptr-pdfs/2020/20017307.pdf,False
2020,09/04/2020,2020-08-26,self,RUN,Sunrun Inc.,sale_partial,"$1,001 -",Hon. Alan S. Lowenthal,CA47,https://disclosures-clerk.house.gov/public_disc/ptr-pdfs/2020/20017307.pdf,False
2021,01/21/2021,2020-12-22,self,AAPL,Apple Inc. Purchased 100 call options with a strike price of $100 and an expiration date of 1/21/22.,purchase,"$250,001 - $500,000",Hon. Nancy Pelosi,CA12,https://disclosures-clerk.house.gov/public_disc/ptr-pdfs/2021/20018011.pdf,False
2021,01/21/2021,2020-12-22,self,TSLA,Tesla Inc. Purchased 25 call options with a strike price of $500 and an expiration date of 3/18/22.,purchase,"$500,001 - $1,000,000",Hon. Nancy Pelosi,CA12,https://disclosures-clerk.house.gov/public_disc/ptr-pdfs/2021/20018011.pdf,False
2021,03/30/2021,2021-02-18,self,FB,Facebook Inc,purchase,"$100,001 - $250,000",Hon. Michael T. McCaul,TX10,https://disclosures-clerk.house.gov/public_disc/ptr-pdfs/2021/8217912.pdf,False
2021,03/30/2021,2021-02-05,self,AMZN,Amazon Inc,purchase,"$50,001 - $100,000",Hon. Michael T. McCaul,TX10,https://disclosures-clerk.house.gov/public_disc/ptr-pdfs/2021/8217912.pdf,False
2021,03/30/2021,2021-02-18,dependent,FB,Facebook Inc,purchase,"$250,001 - $500,000",Hon. Michael T. McCaul,TX10,https://disclosures-clerk.house.gov/public_disc/ptr-pdfs/2021/8217912.pdf,False
2021,03/30/2021,2021-02-05,dependent,AMZN,AMAZON INC,purchase,"$50,001 - $100,000",Hon. Michael T. McCaul,TX10,https://disclosures-clerk.house.gov/public_disc/ptr-pdfs/2021/8217912.pdf,False
2020,02/11/2020,2020-01-16,self,AMZN,"Amazon.com, Inc. / Exercised 30 call options (3,000 shares) expiring 1/17/2020 at a strike price of $1600.",purchase,"$1,000,001 - $5,000,000",Hon. Nancy Pelosi,CA12,https://disclosures-clerk.house.gov/public_disc/ptr-pdfs/2020/20015042.pdf,False
2020,02/11/2020,2020-01-16,self,AMZN,"Amazon.com, Inc. / Sold 20 call options with a strike price of $1,700 and an expiration date of 1/17/20.",sale_full,"$250,001 - $500,000",Hon. Nancy Pelosi,CA12,https://disclosures-clerk.house.gov/public_disc/ptr-pdfs/2020/20015042.pdf,False
2020,02/11/2020,2020-01-16,self,AMZN,"Amazon.com, Inc. / Sold 20 call options with a strike price of $1,600 and an expiration date of 1/17/20.",sale_full,"$250,001 - $500,000",Hon. Nancy Pelosi,CA12,https://disclosures-clerk.house.gov/public_disc/ptr-pdfs/2020/20015042.pdf,False
2020,02/11/2020,2020-01-16,self,FB,"Facebook, Inc. - Class A / Exercised 30 call options (3,000 shares) expiring 1/17/20 at a strike price of $140.",purchase,"$250,001 - $500,000",Hon. Nancy Pelosi,CA12,https://disclosures-clerk.house.gov/public_disc/ptr-pdfs/2020/20015042.pdf,False
2020,02/11/2020,2020-01-16,self,FB,"Facebook, Inc. - Class A / Exercised 20 call options (2,000 shares) expiring 1/17/20 at a strike price of $150.",purchase,"$250,001 - $500,000",Hon. Nancy Pelosi,CA12,https://disclosures-clerk.house.gov/public_disc/ptr-pdfs/2020/20015042.pdf,False
2022,01/11/2022,2021-12-09,joint,MSFT,Microsoft Corporation,purchase,"$1,001 - $15,000",Hon. Kevin Hern,OK01,https://disclosures-clerk.house.gov/public_disc/ptr-pdfs/2022/20020202.pdf,False
2022,03/21/2022,2022-03-17,self,TSLA,Tesla Inc - Exercised 25 Call options 2.5K shares expiring 3/18/22 @ $500,purchase,"$1,000,001 - $5,000,000",Hon. Nancy Pelosi,CA12,https://disclosures-clerk.house.gov/public_disc/ptr-pdfs/2022/20020662.pdf,False
2020,03/22/2020,2020-03-16,self,AMZN,"Amazon.com, Inc.",purchase,"$1,001 - $15,000",Hon. Alan S. Lowenthal,CA47,https://disclosures-clerk.house.gov/public_disc/ptr-pdfs/2020/20016280.pdf,False
2020,03/22/2020,2020-03-16,self,AMZN,"Amazon.com, Inc.",purchase,"$1,001 - $15,000",Hon. Alan S. Lowenthal,CA47,https://disclosures-clerk.house.gov/public_disc/ptr-pdfs/2020/20016281.pdf,False
2020,07/08/2020,2020-06-29,self,FB,"Facebook, Inc. - Class A",sale_partial,"$1,001 -",Hon. Alan S. Lowenthal,CA47,https://disclosures-clerk.house.gov/public_disc/ptr-pdfs/2020/20016912.pdf,False
2020,07/08/2020,2020-07-01,self,RUN,Sunrun Inc.,sale_partial,"$1,001 -",Hon. Alan S. Lowenthal,CA47,https://disclosures-clerk.house.gov/public_disc/ptr-pdfs/2020/20016912.pdf,False
2020,07/08/2020,2020-07-01,self,RUN,Sunrun Inc.,sale_partial,"$1,001 -",Hon. Alan S. Lowenthal,CA47,https://disclosures-clerk.house.gov/public_disc/ptr-pdfs/2020/20016912.pdf,False
2020,07/08/2020,2020-06-19,self,RUN,Sunrun Inc.,sale_partial,"$1,001 -",Hon. Alan S. Lowenthal,CA47,https://disclosures-clerk.house.gov/public_disc/ptr-pdfs/2020/20016912.pdf,False
2020,07/08/2020,2020-06-19,self,RUN,Sunrun Inc.,sale_partial,"$1,001 -",Hon. Alan S. Lowenthal,CA47,https://disclosures-clerk.house.gov/public_disc/ptr-pdfs/2020/20016912.pdf,False
2020,07/08/2020,2020-06-19,self,RUN,Sunrun Inc.,sale_partial,"$1,001 -",Hon. Alan S. Lowenthal,CA47,https://disclosures-clerk.house.gov/public_disc/ptr-pdfs/2020/20016912.pdf,False
2020,07/08/2020,2020-06-19,self,RUN,Sunrun Inc.,sale_partial,"$1,001 -",Hon. Alan S. Lowenthal,CA47,https://disclosures-clerk.house.gov/public_disc/ptr-pdfs/2020/20016912.pdf,False
2020,07/08/2020,2020-06-29,self,FB,"Facebook, Inc. - Class A",sale_partial,"$1,001 - $15,000",Hon. Alan S. Lowenthal,CA47,https://disclosures-clerk.house.gov/public_disc/ptr-pdfs/2020/20016914.pdf,True
2020,07/08/2020,2020-07-01,self,RUN,Sunrun Inc.,sale_partial,"$1,001 -",Hon. Alan S. Lowenthal,CA47,https://disclosures-clerk.house.gov/public_disc/ptr-pdfs/2020/20016914.pdf,True
2020,07/08/2020,2020-06-19,self,RUN,Sunrun Inc.,sale_partial,"$1,001 - $15,000",Hon. Alan S. Lowenthal,CA47,https://disclosures-clerk.house.gov/public_disc/ptr-pdfs/2020/20016914.pdf,True
2020,07/08/2020,2020-06-19,self,RUN,Sunrun Inc.,sale_partial,"$1,001 -",Hon. Alan S. Lowenthal,CA47,https://disclosures-clerk.house.gov/public_disc/ptr-pdfs/2020/20016914.pdf,True
2020,07/08/2020,2020-06-19,self,RUN,Sunrun Inc.,sale_partial,"$1,001 - $15,000",Hon. Alan S. Lowenthal,CA47,https://disclosures-clerk.house.gov/public_disc/ptr-pdfs/2020/20016914.pdf,True
2020,07/08/2020,2020-06-19,self,RUN,Sunrun Inc.,sale_partial,"$1,001 -",Hon. Alan S. Lowenthal,CA47,https://disclosures-clerk.house.gov/public_disc/ptr-pdfs/2020/20016914.pdf,True
2020,09/15/2020,2020-09-03,self,AMZN,"Amazon.com, Inc.",sale_full,"$1,001 - $15,000",Hon. Alan S. Lowenthal,CA47,https://disclosures-clerk.house.gov/public_disc/ptr-pdfs/2020/20017376.pdf,True
2020,09/15/2020,2020-09-03,self,AAPL,Apple Inc.,sale_partial,"$1,001 -",Hon. Alan S. Lowenthal,CA47,https://disclosures-clerk.house.gov/public_disc/ptr-pdfs/2020/20017377.pdf,True
2020,09/15/2020,2020-09-03,self,AMZN,"Amazon.com, Inc.",sale_partial,"$1,001 - $15,000",Hon. Alan S. Lowenthal,CA47,https://disclosures-clerk.house.gov/public_disc/ptr-pdfs/2020/20017378.pdf,False
2020,09/15/2020,2020-09-03,self,AAPL,Apple Inc.,sale_partial,"$1,001 - $15,000",Hon. Alan S. Lowenthal,CA47,https://disclosures-clerk.house.gov/public_disc/ptr-pdfs/2020/20017378.pdf,False
2021,01/11/2021,2020-12-31,,AMZN,"Amazon.com, Inc. (U.S. Trust Holdings)",purchase,"$1,001 - $15,000",Hon. Gilbert Cisneros,CA39,https://disclosures-clerk.house.gov/public_disc/ptr-pdfs/2021/20017992.pdf,False
2021,01/11/2021,2020-12-14,,FB,"Facebook, Inc. - Class A (U.S. Trust Holdings)",purchase,"$1,001 - $15,000",Hon. Gilbert Cisneros,CA39,https://disclosures-clerk.house.gov/public_disc/ptr-pdfs/2021/20017992.pdf,False
2021,01/11/2021,2020-12-23,,FB,"Facebook, Inc. - Class A (U.S. Trust Holdings)",purchase,"$1,001 - $15,000",Hon. Gilbert Cisneros,CA39,https://disclosures-clerk.house.gov/public_disc/ptr-pdfs/2021/20017992.pdf,False
2021,01/11/2021,2020-12-31,,FB,"Facebook, Inc. - Class A (U.S. Trust Holdings)",purchase,"$1,001 - $15,000",Hon. Gilbert Cisneros,CA39,https://disclosures-clerk.house.gov/public_disc/ptr-pdfs/2021/20017992.pdf,False
2021,01/11/2021,2020-12-22,,FB,"Facebook, Inc. - Class A (U.S. Trust Holdings)",sale_partial,"$1,001 - $15,000",Hon. Gilbert Cisneros,CA39,https://disclosures-clerk.house.gov/public_disc/ptr-pdfs/2021/20017992.pdf,False
2021,01/11/2021,2020-12-31,,NVDA,NVIDIA Corp. (U.S. Trust Holdings),purchase,"$1,001 - $15,000",Hon. Gilbert Cisneros,CA39,https://disclosures-clerk.house.gov/public_disc/ptr-pdfs/2021/20017992.pdf,False
2021,01/11/2021,2020-12-22,,TSLA,"Tesla, Inc. (U.S. Trust Holdings)",purchase,"$50,001 - $100,000",Hon. Gilbert Cisneros,CA39,https://disclosures-clerk.house.gov/public_disc/ptr-pdfs/2021/20017992.pdf,False
2021,10/06/2021,2021-09-01,,FB,Facebook Inc Class A,sale_full,"$1,001 - $15,000",Hon. Kurt Schrader,OR05,https://disclosures-clerk.house.gov/public_disc/ptr-pdfs/2021/8218386.pdf,False
2021,10/06/2021,2021-09-13,,MSFT,Microsoft Inc,purchase,"$1,001 - $15,000",Hon. Kurt Schrader,OR05,https://disclosures-clerk.house.gov/public_disc/ptr-pdfs/2021/8218386.pdf,False
2020,09/20/2020,2020-08-04,joint,FB,"Facebook, Inc. - Class A",purchase,"$1,001 - $15,000",Hon. Josh Gottheimer,NJ05,https://disclosures-clerk.house.gov/public_disc/ptr-pdfs/2020/20017335.pdf,False
2021,04/21/2021,2021-03-22,joint,AAPL,Apple Inc,sale_partial,"$1,001 - $15,000",Hon. Josh Gottheimer,NJ05,https://disclosures-clerk.house.gov/public_disc/ptr-pdfs/2021/20018534.pdf,False
2021,04/21/2021,2021-03-15,joint,AAPL,Apple Inc,sale_partial,"$1,001 - $15,000",Hon. Josh Gottheimer,NJ05,https://disclosures-clerk.house.gov/public_disc/ptr-pdfs/2021/20018534.pdf,False
2021,04/21/2021,2021-03-17,joint,NVDA,NVIDIA Corporation,sale_partial,"$1,001 - $15,000",Hon. Josh Gottheimer,NJ05,https://disclosures-clerk.house.gov/public_disc/ptr-pdfs/2021/20018534.pdf,False
2021,04/21/2021,2021-03-15,joint,NVDA,NVIDIA Corporation,sale_partial,"$1,001 - $15,000",Hon. Josh Gottheimer,NJ05,https://disclosures-clerk.house.gov/public_disc/ptr-pdfs/2021/20018534.pdf,False
2021,04/21/2021,2021-03-22,joint,TSLA,Tesla Inc,sale_partial,"$1,001 - $15,000",Hon. Josh Gottheimer,NJ05,https://disclosures-clerk.house.gov/public_disc/ptr-pdfs/2021/20018534.pdf,False
2021,04/21/2021,2021-03-15,joint,TSLA,Tesla Inc,sale_partial,"$1,001 - $15,000",Hon. Josh Gottheimer,NJ05,https://disclosures-clerk.house.gov/public_disc/ptr-pdfs/2021/20018534.pdf,False
2021,04/21/2021,2021-03-10,joint,TSLA,Tesla Inc,sale_partial,"$1,001 - $15,000",Hon. Josh Gottheimer,NJ05,https://disclosures-clerk.house.gov/public_disc/ptr-pdfs/2021/20018534.pdf,False
2022,05/17/2022,2022-04-21,,AAPL,Apple Inc,sale_full,"$1,001 - $15,000",Hon. Kurt Schrader,OR05,https://disclosures-clerk.house.gov/public_disc/ptr-pdfs/2022/8218777.pdf,False
2021,04/19/2021,2021-03-16,self,NVDA,NVIDIA Corp,purchase,"$50,001 - $100,000",Hon. Michael T. McCaul,TX10,https://disclosures-clerk.house.gov/public_disc/ptr-pdfs/2021/8217977.pdf,False
2021,04/19/2021,2021-03-10,self,NVDA,NVIDIA,purchase,"$15,001 - $50,000",Hon. Michael T. McCaul,TX10,https://disclosures-clerk.house.gov/public_disc/ptr-pdfs/2021/8217977.pdf,False
2021,04/19/2021,2021-03-09,self,NVDA,NVIDIA Corp,purchase,"$15,001 - $50,000",Hon. Michael T. McCaul,TX10,https://disclosures-clerk.house.gov/public_disc/ptr-pdfs/2021/8217977.pdf,False
2021,04/19/2021,2021-03-23,self,NVDA,NVIDIA Corp,purchase,"$15,001 - $50,000",Hon. Michael T. McCaul,TX10,https://disclosures-clerk.house.gov/public_disc/ptr-pdfs/2021/8217977.pdf,False
2021,04/19/2021,2021-03-16,joint,NVDA,NVIDIA Corp,purchase,"$50,001 - $100,000",Hon. Michael T. McCaul,TX10,https://disclosures-clerk.house.gov/public_disc/ptr-pdfs/2021/8217977.pdf,False
2021,04/19/2021,2021-03-10,joint,NVDA,NVIDIA,purchase,"$15,001 - $50,000",Hon. Michael T. McCaul,TX10,https://disclosures-clerk.house.gov/public_disc/ptr-pdfs/2021/8217977.pdf,False
2021,04/19/2021,2021-03-09,joint,NVDA,NVIDIA Corp,purchase,"$15,001 - $50,000",Hon. Michael T. McCaul,TX10,https://disclosures-clerk.house.gov/public_disc/ptr-pdfs/2021/8217977.pdf,False
2021,04/19/2021,2021-03-23,joint,NVDA,NVIDIA Corp,purchase,"$15,001 - $50,000",Hon. Michael T. McCaul,TX10,https://disclosures-clerk.house.gov/public_disc/ptr-pdfs/2021/8217977.pdf,False
2021,08/20/2021,2021-07-23,self,NVDA,"NVIDIA Corporation - purchased 5,000 shares",purchase,"$500,001 - $1,000,000",Hon. Nancy Pelosi,CA12,https://disclosures-clerk.house.gov/public_disc/ptr-pdfs/2021/20019331.pdf,False
2021,08/20/2021,2021-07-23,self,NVDA,NVIDIA Corporation - Purchased 50 Call options with strike of $100 for 9/16/2022,purchase,"$250,001 - $500,000",Hon. Nancy Pelosi,CA12,https://disclosures-clerk.house.gov/public_disc/ptr-pdfs/2021/20019331.pdf,False
2020,07/24/2020,2020-07-13,self,RUN,Sunrun Inc.,sale_partial,"$1,001 -",Hon. Alan S. Lowenthal,CA47,https://disclosures-clerk.house.gov/public_disc/ptr-pdfs/2020/20017024.pdf,False
2020,07/24/2020,2020-07-13,self,RUN,Sunrun Inc.,sale_partial,"$1,001 -",Hon. Alan S. Lowenthal,CA47,https://disclosures-clerk.house.gov/public_disc/ptr-pdfs/2020/20017024.pdf,False
2020,07/24/2020,2020-07-13,self,RUN,Sunrun Inc.,sale_partial,"$1,001 -",Hon. Alan S. Lowenthal,CA47,https://disclosures-clerk.house.gov/public_disc/ptr-pdfs/2020/20017024.pdf,False
2020,07/24/2020,2020-07-13,self,RUN,Sunrun Inc.,sale_partial,"$1,001 -",Hon. Alan S. Lowenthal,CA47,https://disclosures-clerk.house.gov/public_disc/ptr-pdfs/2020/20017024.pdf,False
2020,07/24/2020,2020-07-10,self,AMZN,"Amazon.com, Inc.",sale_partial,"$1,001 - $15,000",Hon. Alan S. Lowenthal,CA47,https://disclosures-clerk.house.gov/public_disc/ptr-pdfs/2020/20017025.pdf,False
2020,07/24/2020,2020-07-13,self,RUN,Sunrun Inc.,sale_partial,"$1,001 - $15,000",Hon. Alan S. Lowenthal,CA47,https://disclosures-clerk.house.gov/public_disc/ptr-pdfs/2020/20017025.pdf,False
2020,07/24/2020,2020-07-13,self,RUN,Sunrun Inc.,sale_partial,"$1,001 - $15,000",Hon. Alan S. Lowenthal,CA47,https://disclosures-clerk.house.gov/public_disc/ptr-pdfs/2020/20017025.pdf,False
2020,07/24/2020,2020-07-13,self,RUN,Sunrun Inc.,sale_partial,"$1,001 - $15,000",Hon. Alan S. Lowenthal,CA47,https://disclosures-clerk.house.gov/public_disc/ptr-pdfs/2020/20017025.pdf,False
2020,07/24/2020,2020-07-13,self,RUN,Sunrun Inc.,sale_partial,"$1,001 - $15,000",Hon. Alan S. Lowenthal,CA47,https://disclosures-clerk.house.gov/public_disc/ptr-pdfs/2020/20017025.pdf,False
2020,10/14/2020,2020-09-16,,FB,"Facebook, Inc. - Class A",purchase,"$1,001 - $15,000",Hon. Gilbert Cisneros,CA39,https://disclosures-clerk.house.gov/public_disc/ptr-pdfs/2020/20017505.pdf,False
2020,10/14/2020,2020-09-08,,NVDA,NVIdIA Corporation,sale_partial,"$15,001 - $50,000",Hon. Gilbert Cisneros,CA39,https://disclosures-clerk.house.gov/public_disc/ptr-pdfs/2020/20017505.pdf,True
2020,06/29/2020,2020-06-18,self,RUN,Sunrun Inc.,sale_partial,"$1,001 - $15,000",Hon. Alan S. Lowenthal,CA47,https://disclosures-clerk.house.gov/public_disc/ptr-pdfs/2020/20016852.pdf,False
2020,06/29/2020,2020-06-19,self,RUN,Sunrun Inc.,sale_partial,"$1,001 - $15,000",Hon. Alan S. Lowenthal,CA47,https://disclosures-clerk.house.gov/public_disc/ptr-pdfs/2020/20016852.pdf,False
2020,06/29/2020,2020-06-19,self,RUN,Sunrun Inc.,sale_partial,"$1,001 -",Hon. Alan S. Lowenthal,CA47,https://disclosures-clerk.house.gov/public_disc/ptr-pdfs/2020/20016852.pdf,False
2020,06/29/2020,2020-06-18,self,RUN,Sunrun Inc.,sale_partial,"$1,001 -",Hon. Alan S. Lowenthal,CA47,https://disclosures-clerk.house.gov/public_disc/ptr-pdfs/2020/20016853.pdf,False
2020,06/29/2020,2020-06-19,self,RUN,Sunrun Inc.,sale_partial,"$1,001 -",Hon. Alan S. Lowenthal,CA47,https://disclosures-clerk.house.gov/public_disc/ptr-pdfs/2020/20016853.pdf,False
2020,06/29/2020,2020-06-19,self,RUN,Sunrun Inc.,sale_partial,"$1,001 -",Hon. Alan S. Lowenthal,CA47,https://disclosures-clerk.house.gov/public_disc/ptr-pdfs/2020/20016853.pdf,False
2021,03/12/2021,2021-02-11,dependent,FB,Facebook Inc (2020 Irrev Trust FBO Grandchildren),purchase,"$1,001 - $15,000",Hon. Rohit Khanna,CA17,https://disclosures-clerk.house.gov/public_disc/ptr-pdfs/2021/8217894.pdf,False
2021,03/12/2021,2021-02-11,self,FB,Facebook Inc (Ritu 1985 Trust),purchase,"$1,001 - $15,000",Hon. Rohit Khanna,CA17,https://disclosures-clerk.house.gov/public_disc/ptr-pdfs/2021/8217894.pdf,False
2021,03/12/2021,2021-02-24,self,FB,Facebook Inc Class A (Ritu 1985 Trust),purchase,"$1,001 - $15,000",Hon. Rohit Khanna,CA17,https://disclosures-clerk.house.gov/public_disc/ptr-pdfs/2021/8217894.pdf,False
2021,03/12/2021,2021-02-23,self,FB,Facebook Inc Class A (Ritu 1985 Trust),purchase,"$1,001 - $15,000",Hon. Rohit Khanna,CA17,https://disclosures-clerk.house.gov/public_disc/ptr-pdfs/2021/8217894.pdf,False
2021,03/12/2021,2021-02-22,self,FB,Facebook Class A,purchase,"$1,001 - $15,000",Hon. Rohit Khanna,CA17,https://disclosures-clerk.house.gov/public_disc/ptr-pdfs/2021/8217894.pdf,False
2020,08/15/2020,2020-07-27,joint,AMZN,"Amazon.com, Inc.",purchase,"$1,001 - $15,000",Hon. Kevin Hern,OK01,https://disclosures-clerk.house.gov/public_disc/ptr-pdfs/2020/20017192.pdf,False
2020,08/15/2020,2020-07-27,joint,MSFT,Microsoft Corporation,purchase,"$1,001 - $15,000",Hon. Kevin Hern,OK01,https://disclosures-clerk.house.gov/public_disc/ptr-pdfs/2020/20017192.pdf,False
2022,01/27/2022,2022-01-14,joint,RUN,Sunrun Inc,purchase,"$1,001 - $15,000",Hon. Alan S. Lowenthal,CA47,https://disclosures-clerk.house.gov/public_disc/ptr-pdfs/2022/20020322.pdf,False
2020,07/22/2020,2020-06-19,,FB,Facebook class A,sale_full,"$1,001 - $15,000",Hon. Kurt Schrader,OR05,https://disclosures-clerk.house.gov/public_disc/ptr-pdfs/2020/8217406.pdf,False
2020,07/22/2020,2020-06-19,,MSFT,Microsoft,sale_full,"$1,001 - $15,000",Hon. Kurt Schrader,OR05,https://disclosures-clerk.house.gov/public_disc/ptr-pdfs/2020/8217406.pdf,False
2020,07/22/2020,2020-06-19,,AAPL,Apple,sale_full,"$1,001 - $15,000",Hon. Kurt Schrader,OR05,https://disclosures-clerk.house.gov/public_disc/ptr-pdfs/2020/8217406.pdf,False
2020,07/22/2020,2020-06-03,,NVDA,Nivida,purchase,"$1,001 - $15,000",Hon. Kurt Schrader,OR05,https://disclosures-clerk.house.gov/public_disc/ptr-pdfs/2020/8217406.pdf,False
2021,09/20/2021,2021-08-16,joint,MSFT,Microsoft Corporation - CALL Options. Strike $150 expiry 10/15/21,purchase,"$1,000,001 - $5,000,000",Hon. Josh Gottheimer,NJ05,https://disclosures-clerk.house.gov/public_disc/ptr-pdfs/2021/20019479.pdf,False
2021,09/20/2021,2021-08-16,joint,MSFT,Microsoft Corporation Microsoft Corporation - CALL Options. Strike $145 expiry 10/15/21,purchase,"$500,001 - $1,000,000",Hon. Josh Gottheimer,NJ05,https://disclosures-clerk.house.gov/public_disc/ptr-pdfs/2021/20019479.pdf,False
2021,09/20/2021,2021-08-16,joint,MSFT,Microsoft Corporation - CALL Options. Strike $150 expiry 11/19/21,purchase,"$500,001 - $1,000,000",Hon. Josh Gottheimer,NJ05,https://disclosures-clerk.house.gov/public_disc/ptr-pdfs/2021/20019479.pdf,False
2021,09/20/2021,2021-08-16,joint,MSFT,Microsoft Corporation - CALL Options. Strike $150 expiry 3/18/22,sale_full,"$500,001 - $1,000,000",Hon. Josh Gottheimer,NJ05,https://disclosures-clerk.house.gov/public_disc/ptr-pdfs/2021/20019479.pdf,False
2021,09/20/2021,2021-08-16,joint,MSFT,Microsoft Corporation - CALL Options. Strike $150 expiry 3/18/22,sale_full,"$1,000,001 - $5,000,000",Hon. Josh Gottheimer,NJ05,https://disclosures-clerk.house.gov/public_disc/ptr-pdfs/2021/20019479.pdf,False
2021,09/20/2021,2021-08-16,joint,MSFT,Microsoft Corporation - CALL Options. Strike $150 expiry 3/18/22,sale_full,"$1,000,001 - $5,000,000",Hon. Josh Gottheimer,NJ05,https://disclosures-clerk.house.gov/public_disc/ptr-pdfs/2021/20019479.pdf,False
2021,09/20/2021,2021-08-16,joint,MSFT,Microsoft Corporation - CALL Options. Strike $145 expiry 3/18/22,sale_full,"$500,001 - $1,000,000",Hon. Josh Gottheimer,NJ05,https://disclosures-clerk.house.gov/public_disc/ptr-pdfs/2021/20019479.pdf,False
2021,09/20/2021,2021-08-16,joint,MSFT,Microsoft Corporation - CALL Options. Strike $160 expiry 1/21/22,sale_full,"$500,001 - $1,000,000",Hon. Josh Gottheimer,NJ05,https://disclosures-clerk.house.gov/public_disc/ptr-pdfs/2021/20019479.pdf,False
2021,09/20/2021,2021-08-16,joint,MSFT,Microsoft Corporation - CALL Options. Strike $160 expiry 09/17/21,purchase,"$500,001 - $1,000,000",Hon. Josh Gottheimer,NJ05,https://disclosures-clerk.house.gov/public_disc/ptr-pdfs/2021/20019479.pdf,False
2021,09/20/2021,2021-08-16,joint,MSFT,Microsoft Corporation - CALL Options. Strike $150 expiry 9/17/21,purchase,"$1,000,001 - $5,000,000",Hon. Josh Gottheimer,NJ05,https://disclosures-clerk.house.gov/public_disc/ptr-pdfs/2021/20019479.pdf,False
2021,09/15/2021,2021-07-30,joint,AMZN,Amazon.com Inc,purchase,"$50,001 - $100,000",Hon. Kevin Hern,OK01,https://disclosures-clerk.house.gov/public_disc/ptr-pdfs/2021/20019334.pdf,False
2021,09/15/2021,2021-07-21,joint,MSFT,Microsoft Corporation,purchase,"$100,001 - $250,000",Hon. Kevin Hern,OK01,https://disclosures-clerk.house.gov/public_disc/ptr-pdfs/2021/20019334.pdf,False
2022,04/17/2022,2022-03-09,joint,AAPL,Apple Inc,purchase,"$1,001 - $15,000",Hon. Josh Gottheimer,NJ05,https://disclosures-clerk.house.gov/public_disc/ptr-pdfs/2022/20020786.pdf,False
2022,04/17/2022,2022-03-15,joint,AAPL,Apple Inc,sale_partial,"$1,001 - $15,000",Hon. Josh Gottheimer,NJ05,https://disclosures-clerk.house.gov/public_disc/ptr-pdfs/2022/20020786.pdf,False
2022,04/17/2022,2022-03-09,joint,MSFT,Microsoft Corporation,purchase,"$1,001 - $15,000",Hon. Josh Gottheimer,NJ05,https://disclosures-clerk.house.gov/public_disc/ptr-pdfs/2022/20020786.pdf,False
2020,05/12/2020,2020-04-20,joint,MSFT,Microsoft Corporation,sale_full,"$1,001 - $15,000",Hon. Donald Sternoff Beyer,VA08,https://disclosures-clerk.house.gov/public_disc/ptr-pdfs/2020/20016587.pdf,False
2020,07/17/2020,2020-06-11,,FB,"Facebook, Inc. - Class A",sale_partial,"$1,001 - $15,000",Hon. Gilbert Cisneros,CA39,https://disclosures-clerk.house.gov/public_disc/ptr-pdfs/2020/20016915.pdf,True
2020,07/17/2020,2020-06-11,,NVDA,NVIDIA Corporation,sale_partial,"$1,001 - $15,000",Hon. Gilbert Cisneros,CA39,https://disclosures-clerk.house.gov/public_disc/ptr-pdfs/2020/20016915.pdf,True
2022,01/12/2022,2021-12-30,self,AAPL,Apple Inc - Contribution of 3K shares held personally to the Paul F Pelosi Endowed Fund Georgetown University,sale_partial,"$500,001 - $1,000,000",Hon. Nancy Pelosi,CA12,https://disclosures-clerk.house.gov/public_disc/ptr-pdfs/2022/20020208.pdf,False
2022,01/12/2022,2021-12-30,self,AAPL,Apple Inc - Contribution of 3K shares held personally to Trinity College,sale_partial,"$500,001 - $1,000,000",Hon. Nancy Pelosi,CA12,https://disclosures-clerk.house.gov/public_disc/ptr-pdfs/2022/20020208.pdf,False
2020,11/21/2020,2020-11-12,self,RUN,Sunrun Inc.,purchase,"$1,001 - $15,000",Hon. Alan S. Lowenthal,CA47,https://disclosures-clerk.house.gov/public_disc/ptr-pdfs/2020/20017730.pdf,False
2021,01/06/2022,2021-12-14,,NVDA,Nvidia Corp,purchase,"$1,001 - $15,000",Hon. Kurt Schrader,OR05,https://disclosures-clerk.house.gov/public_disc/ptr-pdfs/2021/8218522.pdf,False
2022,03/03/2022,2022-02-28,joint,AMZN,Amazon.com Inc,sale_full,"$15,001 - $50,000",Hon. Donald Sternoff Beyer,VA08,https://disclosures-clerk.house.gov/public_disc/ptr-pdfs/2022/20020354.pdf,False
2022,03/03/2022,2022-02-28,joint,MSFT,Microsoft Corporation,sale_full,"$15,001 - $50,000",Hon. Donald Sternoff Beyer,VA08,https://disclosures-clerk.house.gov/public_disc/ptr-pdfs/2022/20020354.pdf,False
2022,03/03/2022,2022-02-28,joint,NVDA,NVIDIA Corporation,sale_full,"$15,001 - $50,000",Hon. Donald Sternoff Beyer,VA08,https://disclosures-clerk.house.gov/public_disc/ptr-pdfs/2022/20020354.pdf,False
2020,09/14/2020,2020-08-11,,AMZN,"Amazon.com, Inc.",sale_partial,"$1,001 - $15,000",Hon. Gilbert Cisneros,CA39,https://disclosures-clerk.house.gov/public_disc/ptr-pdfs/2020/20017355.pdf,True
2020,09/14/2020,2020-08-24,,NVDA,NVIDIA Corporation,sale_partial,"$1,001 - $15,000",Hon. Gilbert Cisneros,CA39,https://disclosures-clerk.house.gov/public_disc/ptr-pdfs/2020/20017355.pdf,True
2020,07/09/2020,2020-06-26,joint,AAPL,Apple Inc.,purchase,"$1,001 - $15,000",Hon. Josh Gottheimer,NJ05,https://disclosures-clerk.house.gov/public_disc/ptr-pdfs/2020/20016893.pdf,False
2020,07/09/2020,2020-06-22,joint,MSFT,Microsoft Corporation,sale_partial,"$1,001 - $15,000",Hon. Josh Gottheimer,NJ05,https://disclosures-clerk.house.gov/public_disc/ptr-pdfs/2020/20016893.pdf,True
2020,07/09/2020,2020-06-01,joint,NVDA,NVIDIA Corporation,sale_partial,"$1,001 - $15,000",Hon. Josh Gottheimer,NJ05,https://disclosures-clerk.house.gov/public_disc/ptr-pdfs/2020/20016893.pdf,True
2021,02/13/2021,2021-01-05,,TSLA,Tesla Inc,purchase,"$1,001 - $15,000",Hon. Dean Phillips,MN03,https://disclosures-clerk.house.gov/public_disc/ptr-pdfs/2021/20018175.pdf,False
2021,07/02/2021,2021-05-21,,AMZN,Amazon.com Inc,purchase,"$500,001 - $1,000,000",Hon. Nancy Pelosi,CA12,https://disclosures-clerk.house.gov/public_disc/ptr-pdfs/2021/20019004.pdf,False
2021,07/02/2021,2021-05-21,self,AAPL,Apple Inc,purchase,"$100,001 - $250,000",Hon. Nancy Pelosi,CA12,https://disclosures-clerk.house.gov/public_disc/ptr-pdfs/2021/20019004.pdf,False
2021,07/02/2021,2021-06-03,self,NVDA,NVIDIA Corporation,purchase,"$1,000,001 - $5,000,000",Hon. Nancy Pelosi,CA12,https://disclosures-clerk.house.gov/public_disc/ptr-pdfs/2021/20019004.pdf,False
2021,05/07/2021,2021-04-16,joint,FB,Facebook Inc Class A,purchase,"$1,001 - $15,000",Hon. Josh Gottheimer,NJ05,https://disclosures-clerk.house.gov/public_disc/ptr-pdfs/2021/20018699.pdf,False
2021,05/07/2021,2021-04-05,joint,TSLA,Tesla Inc,sale_partial,"$1,001 - $15,000",Hon. Josh Gottheimer,NJ05,https://disclosures-clerk.house.gov/public_disc/ptr-pdfs/2021/20018699.pdf,False
2021,05/07/2021,2021-04-30,joint,TSLA,Tesla Inc,sale_partial,"$1,001 - $15,000",Hon. Josh Gottheimer,NJ05,https://disclosures-clerk.house.gov/public_disc/ptr-pdfs/2021/20018699.pdf,False
2021,05/07/2021,2021-04-30,joint,TSLA,Tesla Inc,sale_partial,"$1,001 - $15,000",Hon. Josh Gottheimer,NJ05,https://disclosures-clerk.house.gov/public_disc/ptr-pdfs/2021/20018699.pdf,False
2021,04/01/2021,2021-03-01,,MSFT,Microsoft Inc,sale_full,"$1,001 - $15,000",Hon. Kurt Schrader,OR05,https://disclosures-clerk.house.gov/public_disc/ptr-pdfs/2021/8217927.pdf,False
2021,04/01/2021,2021-02-05,,MSFT,Microsoft Corp,purchase,"$1,001 - $15,000",Hon. Kurt Schrader,OR05,https://disclosures-clerk.house.gov/public_disc/ptr-pdfs/2021/8217928.pdf,False
2020,12/09/2020,2020-11-06,joint,FB,"Facebook, Inc. - Class A",sale_partial,"$1,001 - $15,000",Hon. Josh Gottheimer,NJ05,https://disclosures-clerk.house.gov/public_disc/ptr-pdfs/2020/20017827.pdf,False
2020,12/09/2020,2020-11-17,joint,MSFT,Microsoft Corporation,purchase,"$100,001 - $250,000",Hon. Josh Gottheimer,NJ05,https://disclosures-clerk.house.gov/public_disc/ptr-pdfs/2020/20017827.pdf,False
2020,12/09/2020,2020-11-17,joint,MSFT,Microsoft Corporation,purchase,"$100,001 - $250,000",Hon. Josh Gottheimer,NJ05,https://disclosures-clerk.house.gov/public_disc/ptr-pdfs/2020/20017827.pdf,False
2020,12/09/2020,2020-11-17,joint,MSFT,Microsoft Corporation,purchase,"$250,001 - $500,000",Hon. Josh Gottheimer,NJ05,https://disclosures-clerk.house.gov/public_disc/ptr-pdfs/2020/20017827.pdf,False
2020,12/09/2020,2020-11-17,joint,MSFT,Microsoft Corporation,purchase,"$500,001 - $1,000,000",Hon. Josh Gottheimer,NJ05,https://disclosures-clerk.house.gov/public_disc/ptr-pdfs/2020/20017827.pdf,False
2020,12/09/2020,2020-11-17,joint,MSFT,Microsoft Corporation,sale_full,"$250,001 - $500,000",Hon. Josh Gottheimer,NJ05,https://disclosures-clerk.house.gov/public_disc/ptr-pdfs/2020/20017827.pdf,False
2020,12/09/2020,2020-11-17,joint,MSFT,Microsoft Corporation,sale_full,"$250,001 - $500,000",Hon. Josh Gottheimer,NJ05,https://disclosures-clerk.house.gov/public_disc/ptr-pdfs/2020/20017827.pdf,False
2020,12/09/2020,2020-11-17,joint,MSFT,Microsoft Corporation,sale_full,"$500,001 - $1,000,000",Hon. Josh Gottheimer,NJ05,https://disclosures-clerk.house.gov/public_disc/ptr-pdfs/2020/20017827.pdf,False
2020,12/09/2020,2020-11-17,joint,MSFT,Microsoft Corporation,sale_full,"$100,001 - $250,000",Hon. Josh Gottheimer,NJ05,https://disclosures-clerk.house.gov/public_disc/ptr-pdfs/2020/20017827.pdf,False
2020,12/09/2020,2020-11-11,joint,NVDA,NVIDIA Corporation,sale_partial,"$1,001 - $15,000",Hon. Josh Gottheimer,NJ05,https://disclosures-clerk.house.gov/public_disc/ptr-pdfs/2020/20017827.pdf,True
2020,12/09/2020,2020-11-16,joint,NVDA,NVIDIA Corporation,sale_partial,"$1,001 - $15,000",Hon. Josh Gottheimer,NJ05,https://disclosures-clerk.house.gov/public_disc/ptr-pdfs/2020/20017827.pdf,True
2020,12/09/2020,2020-11-06,joint,TSLA,"Tesla, Inc.",sale_partial,"$1,001 - $15,000",Hon. Josh Gottheimer,NJ05,https://disclosures-clerk.house.gov/public_disc/ptr-pdfs/2020/20017827.pdf,True
2020,12/09/2020,2019-11-11,joint,TSLA,"Tesla, Inc.",sale_partial,"$1,001 - $15,000",Hon. Josh Gottheimer,NJ05,https://disclosures-clerk.house.gov/public_disc/ptr-pdfs/2020/20017827.pdf,True
2020,12/09/2020,2020-11-13,joint,TSLA,"Tesla, Inc.",sale_partial,"$1,001 - $15,000",Hon. Josh Gottheimer,NJ05,https://disclosures-clerk.house.gov/public_disc/ptr-pdfs/2020/20017827.pdf,True
2020,12/09/2020,2020-11-16,joint,TSLA,"Tesla, Inc.",sale_partial,"$1,001 - $15,000",Hon. Josh Gottheimer,NJ05,https://disclosures-clerk.house.gov/public_disc/ptr-pdfs/2020/20017827.pdf,True
2021,11/15/2021,2021-10-29,joint,AAPL,Apple Inc,purchase,"$1,001 - $15,000",Hon. Josh Gottheimer,NJ05,https://disclosures-clerk.house.gov/public_disc/ptr-pdfs/2021/20019761.pdf,False
2021,11/15/2021,2021-10-18,joint,FB,Meta Platform Inc - Class A,sale_partial,"$1,001 - $15,000",Hon. Josh Gottheimer,NJ05,https://disclosures-clerk.house.gov/public_disc/ptr-pdfs/2021/20019761.pdf,False
2021,11/15/2021,2021-10-26,joint,FB,Meta Platform Inc - Class A,sale_partial,"$1,001 - $15,000",Hon. Josh Gottheimer,NJ05,https://disclosures-clerk.house.gov/public_disc/ptr-pdfs/2021/20019761.pdf,False
2021,11/15/2021,2021-10-27,joint,FB,Meta Platform Inc - Class A,sale_partial,"$1,001 - $15,000",Hon. Josh Gottheimer,NJ05,https://disclosures-clerk.house.gov/public_disc/ptr-pdfs/2021/20019761.pdf,False
2021,11/15/2021,2021-10-27,joint,MSFT,Microsoft Corporation,purchase,"$15,001 - $50,000",Hon. Josh Gottheimer,NJ05,https://disclosures-clerk.house.gov/public_disc/ptr-pdfs/2021/20019761.pdf,False
2021,11/15/2021,2021-10-19,joint,MSFT,Microsoft Corporation,purchase,"$1,001 - $15,000",Hon. Josh Gottheimer,NJ05,https://disclosures-clerk.house.gov/public_disc/ptr-pdfs/2021/20019761.pdf,False
2021,11/15/2021,2021-10-29,joint,NVDA,NVIDIA Corporation,purchase,"$1,001 - $15,000",Hon. Josh Gottheimer,NJ05,https://disclosures-clerk.house.gov/public_disc/ptr-pdfs/2021/20019761.pdf,False
2021,11/15/2021,2021-10-05,joint,NVDA,NVIDIA Corporation,purchase,"$1,001 - $15,000",Hon. Josh Gottheimer,NJ05,https://disclosures-clerk.house.gov/public_disc/ptr-pdfs/2021/20019761.pdf,False
2021,11/15/2021,2021-10-19,joint,TSLA,Tesla Inc,purchase,"$1,001 - $15,000",Hon. Josh Gottheimer,NJ05,https://disclosures-clerk.house.gov/public_disc/ptr-pdfs/2021/20019761.pdf,False
2021,10/07/2021,2021-09-09,joint,MSFT,Microsoft Corporation,purchase,"$1,001 - $15,000",Hon. Kevin Hern,OK01,https://disclosures-clerk.house.gov/public_disc/ptr-pdfs/2021/20019594.pdf,False
2020,01/02/2020,2019-12-23,joint,AAPL,Apple Inc.,purchase,"$1,001 - $15,000",Hon. Donald Sternoff Beyer,VA08,https://disclosures-clerk.house.gov/public_disc/ptr-pdfs/2020/20013832.pdf,False
2020,01/02/2020,2019-12-24,joint,MSFT,Microsoft Corporation,purchase,"$1,001 - $15,000",Hon. Donald Sternoff Beyer,VA08,https://disclosures-clerk.house.gov/public_disc/ptr-pdfs/2020/20013832.pdf,False
2020,01/02/2020,2019-12-24,joint,NVDA,NVIDIA Corporation,purchase,"$1,001 - $15,000",Hon. Donald Sternoff Beyer,VA08,https://disclosures-clerk.house.gov/public_disc/ptr-pdfs/2020/20013832.pdf,False
2020,05/15/2020,2020-04-09,joint,MSFT,Microsoft Corporation,purchase,"$1,001 - $15,000",Hon. Kevin Hern,OK01,https://disclosures-clerk.house.gov/public_disc/ptr-pdfs/2020/20016607.pdf,False
2021,01/09/2021,2020-12-18,,TSLA,Tesla Inc,purchase,"$50,001 - $100,000",Hon. Dean Phillips,MN03,https://disclosures-clerk.house.gov/public_disc/ptr-pdfs/2021/20017991.pdf,False
2020,06/16/2020,2020-05-20,,NVDA,NVIDIA Corporation,sale_partial,"$1,001 - $15,000",Hon. Gilbert Cisneros,CA39,https://disclosures-clerk.house.gov/public_disc/ptr-pdfs/2020/20016758.pdf,True
2022,05/16/2022,2022-04-19,joint,AAPL,Apple Inc,purchase,"$15,001 - $50,000",Hon. Josh Gottheimer,NJ05,https://disclosures-clerk.house.gov/public_disc/ptr-pdfs/2022/20020956.pdf,False
2022,05/16/2022,2022-04-20,joint,FB,Meta Platforms Inc Class A,sale_partial,"$1,001 - $15,000",Hon. Josh Gottheimer,NJ05,https://disclosures-clerk.house.gov/public_disc/ptr-pdfs/2022/20020956.pdf,False
2020,12/10/2020,2020-11-06,self,AAPL,Apple Inc.,sale_partial,"$500,001 - $1,000,000",Hon. Nancy Pelosi,CA12,https://disclosures-clerk.house.gov/public_disc/ptr-pdfs/2020/20017834.pdf,False
2020,10/15/2020,2020-09-10,joint,MSFT,Microsoft Corporation,purchase,"$1,001 - $15,000",Hon. Kevin Hern,OK01,https://disclosures-clerk.house.gov/public_disc/ptr-pdfs/2020/20017527.pdf,False
2020,10/15/2020,2020-10-02,self,RUN,Sunrun Inc.,sale_partial,"$1,001 -",Hon. Alan S. Lowenthal,CA47,https://disclosures-clerk.house.gov/public_disc/ptr-pdfs/2020/20017532.pdf,False
2020,10/15/2020,2020-10-07,self,RUN,Sunrun Inc.,sale_partial,"$1,001 -",Hon. Alan S. Lowenthal,CA47,https://disclosures-clerk.house.gov/public_disc/ptr-pdfs/2020/20017532.pdf,False
2020,10/15/2020,2020-10-07,self,RUN,Sunrun Inc.,sale_partial,"$1,001 -",Hon. Alan S. Lowenthal,CA47,https://disclosures-clerk.house.gov/public_disc/ptr-pdfs/2020/20017532.pdf,False
2020,10/15/2020,2020-10-02,self,RUN,Sunrun Inc.,sale_partial,"$1,001 - $15,000",Hon. Alan S. Lowenthal,CA47,https://disclosures-clerk.house.gov/public_disc/ptr-pdfs/2020/20017533.pdf,True
2020,10/15/2020,2020-10-06,self,RUN,Sunrun Inc.,sale_partial,"$1,001 -",Hon. Alan S. Lowenthal,CA47,https://disclosures-clerk.house.gov/public_disc/ptr-pdfs/2020/20017533.pdf,True
2020,10/15/2020,2020-10-07,self,RUN,Sunrun Inc.,sale_partial,"$1,001 - $15,000",Hon. Alan S. Lowenthal,CA47,https://disclosures-clerk.house.gov/public_disc/ptr-pdfs/2020/20017533.pdf,True
2020,10/15/2020,2020-10-07,self,RUN,Sunrun Inc.,sale_partial,"$1,001 - $15,000",Hon. Alan S. Lowenthal,CA47,https://disclosures-clerk.house.gov/public_disc/ptr-pdfs/2020/20017533.pdf,True
2022,02/28/2022,2022-01-21,self,AAPL,Apple Inc - Excercised 100 Call options (10K shares) expiry 01/21/2022 @ $100,purchase,"$1,000,001 - $5,000,000",Hon. Nancy Pelosi,CA12,https://disclosures-clerk.house.gov/public_disc/ptr-pdfs/2022/20020515.pdf,False
2020,06/09/2020,2020-05-08,self,AAPL,Apple Inc.,sale_partial,"$500,001 - $1,000,000",Hon. Nancy Pelosi,CA12,https://disclosures-clerk.house.gov/public_disc/ptr-pdfs/2020/20016726.pdf,True
2020,06/09/2020,2020-05-08,self,AAPL,Apple Inc.,sale_partial,"$500,001 - $1,000,000",Hon. Nancy Pelosi,CA12,https://disclosures-clerk.house.gov/public_disc/ptr-pdfs/2020/20016726.pdf,True
2020,06/09/2020,2020-05-08,self,AAPL,Apple Inc.,sale_partial,"$1,000,001 - $5,000,000",Hon. Nancy Pelosi,CA12,https://disclosures-clerk.house.gov/public_disc/ptr-pdfs/2020/20016726.pdf,True
2020,06/09/2020,2020-05-08,self,FB,"Facebook, Inc. - Class A",sale_partial,"$1,000,001 - $5,000,000",Hon. Nancy Pelosi,CA12,https://disclosures-clerk.house.gov/public_disc/ptr-pdfs/2020/20016726.pdf,True
2020,10/13/2020,2020-09-15,joint,AAPL,Apple Inc.,purchase,"$1,001 - $15,000",Hon. Josh Gottheimer,NJ05,https://disclosures-clerk.house.gov/public_disc/ptr-pdfs/2020/20017476.pdf,False
2020,10/13/2020,2020-09-01,joint,AAPL,Apple Inc.,sale_partial,"$1,001 - $15,000",Hon. Josh Gottheimer,NJ05,https://disclosures-clerk.house.gov/public_disc/ptr-pdfs/2020/20017476.pdf,False
2020,10/13/2020,2020-09-14,joint,NVDA,NVIDIA Corporation,sale_partial,"$1,001 - $15,000",Hon. Josh Gottheimer,NJ05,https://disclosures-clerk.house.gov/public_disc/ptr-pdfs/2020/20017476.pdf,False
2020,04/01/2020,2020-02-28,self,MSFT,Microsoft Corporation,purchase,"$100,001 - $250,000",Hon. Nancy Pelosi,CA12,https://disclosures-clerk.house.gov/public_disc/ptr-pdfs/2020/20016340.pdf,False
2020,04/01/2020,2020-02-20,self,MSFT,Microsoft Corporation,purchase,"$250,001 - $500,000",Hon. Nancy Pelosi,CA12,https://disclosures-clerk.house.gov/public_disc/ptr-pdfs/2020/20016340.pdf,False
2020,04/01/2020,2020-02-21,self,MSFT,Microsoft Corporation,purchase,"$500,001 - $1,000,000",Hon. Nancy Pelosi,CA12,https://disclosures-clerk.house.gov/public_disc/ptr-pdfs/2020/20016340.pdf,False
2022,03/02/2022,2022-02-22,,NVDA,NVIDIA Corporation,purchase,"$1,001 - $15,000",Hon. Kurt Schrader,OR05,https://disclosures-clerk.house.gov/public_disc/ptr-pdfs/2022/8218587.pdf,False
2022,03/02/2022,2022-02-09,,FB,Meta Platforms Inc,sale_full,"$1,001 - $15,000",Hon. Kurt Schrader,OR05,https://disclosures-clerk.house.gov/public_disc/ptr-pdfs/2022/8218587.pdf,False
2020,07/02/2020,2020-06-22,self,RUN,Sunrun Inc.,sale_partial,"$1,001 -",Hon. Alan S. Lowenthal,CA47,https://disclosures-clerk.house.gov/public_disc/ptr-pdfs/2020/20016875.pdf,False
2020,07/02/2020,2020-06-23,self,RUN,Sunrun Inc.,sale_partial,"$1,001 -",Hon. Alan S. Lowenthal,CA47,https://disclosures-clerk.house.gov/public_disc/ptr-pdfs/2020/20016875.pdf,False
2020,07/02/2020,2020-06-22,self,RUN,Sunrun Inc.,sale_partial,"$1,001 -",Hon. Alan S. Lowenthal,CA47,https://disclosures-clerk.house.gov/public_disc/ptr-pdfs/2020/20016876.pdf,True
2020,07/02/2020,2020-06-23,self,RUN,Sunrun Inc.,sale_partial,"$1,001 -",Hon. Alan S. Lowenthal,CA47,https://disclosures-clerk.house.gov/public_disc/ptr-pdfs/2020/20016876.pdf,True
2020,05/07/2020,2020-04-02,,AMZN,"Amazon.com, Inc.",purchase,"$1,001 - $15,000",Hon. Dean Phillips,MN03,https://disclosures-clerk.house.gov/public_disc/ptr-pdfs/2020/20016559.pdf,False
2020,05/07/2020,2020-04-02,,AAPL,Apple Inc.,purchase,"$1,001 - $15,000",Hon. Dean Phillips,MN03,https://disclosures-clerk.house.gov/public_disc/ptr-pdfs/2020/20016559.pdf,False
2020,05/07/2020,2020-04-02,,FB,"Facebook, Inc. - Class A",sale_partial,"$1,001 - $15,000",Hon. Dean Phillips,MN03,https://disclosures-clerk.house.gov/public_disc/ptr-pdfs/2020/20016559.pdf,False
2020,05/13/2020,2020-04-09,,AMZN,"Amazon.com, Inc.",sale_partial,"$1,001 - $15,000",Hon. Gilbert Cisneros,CA39,https://disclosures-clerk.house.gov/public_disc/ptr-pdfs/2020/20016567.pdf,False
2020,05/13/2020,2020-04-20,joint,AAPL,Apple Inc.,sale_partial,"$1,001 - $15,000",Hon. Josh Gottheimer,NJ05,https://disclosures-clerk.house.gov/public_disc/ptr-pdfs/2020/20016556.pdf,False
2020,05/13/2020,2020-04-30,joint,FB,"Facebook, Inc. - Class A",purchase,"$1,001 - $15,000",Hon. Josh Gottheimer,NJ05,https://disclosures-clerk.house.gov/public_disc/ptr-pdfs/2020/20016556.pdf,False
2020,05/13/2020,2020-04-13,joint,MSFT,Microsoft Corporation,sale_partial,"$1,001 - $15,000",Hon. Josh Gottheimer,NJ05,https://disclosures-clerk.house.gov/public_disc/ptr-pdfs/2020/20016556.pdf,False
2020,05/13/2020,2020-04-17,joint,TSLA,"Tesla, Inc.",sale_partial,"$1,001 - $15,000",Hon. Josh Gottheimer,NJ05,https://disclosures-clerk.house.gov/public_disc/ptr-pdfs/2020/20016556.pdf,False
2020,06/10/2020,2020-05-18,,AMZN,"Amazon.com, Inc.",sale_full,"$50,001 - $100,000",Hon. Josh Gottheimer,NJ05,https://disclosures-clerk.house.gov/public_disc/ptr-pdfs/2020/20016732.pdf,False
2020,06/10/2020,2020-05-18,,AAPL,Apple Inc.,sale_full,"$15,001 - $50,000",Hon. Josh Gottheimer,NJ05,https://disclosures-clerk.house.gov/public_disc/ptr-pdfs/2020/20016732.pdf,False
2020,06/10/2020,2020-05-18,,MSFT,Microsoft Corporation,sale_full,"$15,001 - $50,000",Hon. Josh Gottheimer,NJ05,https://disclosures-clerk.house.gov/public_disc/ptr-pdfs/2020/20016732.pdf,False
2020,06/10/2020,2020-05-15,joint,MSFT,Microsoft Corporation,sale_partial,"$1,001 - $15,000",Hon. Josh Gottheimer,NJ05,https://disclosures-clerk.house.gov/public_disc/ptr-pdfs/2020/20016732.pdf,False
2020,06/10/2020,2020-05-22,joint,TSLA,"Tesla, Inc.",sale_partial,"$1,001 - $15,000",Hon. Josh Gottheimer,NJ05,https://disclosures-clerk.house.gov/public_disc/ptr-pdfs/2020/20016732.pdf,False
